dt,open,high,low,close,value
2010-01-04,55.5,55.5,55.0,55.5,14598650.0
2010-01-05,55.5,59.0,55.5,59.0,99016300.0
2010-01-06,59.0,59.0,58.5,59.0,25933550.0
2010-01-07,59.0,59.0,59.0,59.0,23334500.0
2010-01-08,59.5,59.5,59.0,59.0,12325150.0
2010-01-11,59.0,59.0,56.5,56.5,6760000.0
2010-01-12,56.5,58.5,56.5,58.0,17541400.0
2010-01-13,57.5,57.5,56.0,57.5,79477600.0
2010-01-14,58.0,58.0,57.5,58.0,37915250.0
2010-01-15,58.0,58.5,58.0,58.5,78754250.0
2010-01-18,58.5,58.5,57.5,57.5,5944050.0
2010-01-19,57.5,57.5,57.0,57.0,2024400.0
2010-01-20,57.5,57.5,56.5,56.5,26015700.0
2010-01-21,56.5,57.0,56.5,56.5,13966850.0
2010-01-22,56.5,56.5,55.0,55.0,46894050.0
2010-01-25,55.0,55.0,54.0,54.5,11837750.0
2010-01-26,54.5,55.0,53.0,53.0,23264250.0
2010-01-27,54.0,55.0,53.5,55.0,40154400.0
2010-01-28,54.0,54.5,54.0,54.0,21965700.0
2010-01-29,54.0,54.0,52.5,52.5,43569050.0
2010-02-01,52.5,52.5,51.5,52.0,80164800.0
2010-02-02,53.0,53.0,52.5,52.5,13146750.0
2010-02-03,53.0,53.0,52.5,53.0,22062500.0
2010-02-04,53.5,55.0,53.5,54.5,37405900.0
2010-02-05,52.5,54.5,52.5,54.5,28528000.0
2010-02-08,53.5,54.5,53.5,54.0,66776300.0
2010-02-09,53.0,53.0,52.0,52.5,61940100.0
2010-02-10,53.5,54.0,53.5,54.0,50956150.0
2010-02-11,54.5,54.5,54.0,54.0,6723150.0
2010-03-08,56.5,57.5,56.5,57.5,2193700.0
2010-03-12,57.5,57.5,57.0,57.0,26102250.0
2010-03-15,57.0,57.5,57.0,57.0,18902050.0
2010-03-16,57.5,58.5,57.0,58.5,15620450.0
2010-03-17,58.5,58.5,58.5,58.5,53896050.0
2010-03-31,59.0,60.0,59.0,59.0,51151350.0
2010-04-20,59.0,59.0,57.0,57.0,15147800.0
2010-04-21,58.0,58.0,57.0,57.0,23184600.0
2010-04-22,57.5,58.0,57.0,58.0,22919300.0
2010-04-23,57.5,58.0,57.5,58.0,10259700.0
2010-04-29,55.5,57.5,55.5,57.0,51589900.0
2010-04-30,58.5,58.5,58.0,58.5,35839600.0
2010-05-04,58.5,58.5,57.5,57.5,34582650.0
2010-05-05,57.5,58.0,56.5,57.5,15087150.0
2010-05-13,60.0,60.5,59.5,60.0,39756150.0
2010-05-14,60.0,60.0,59.5,59.5,10328600.0
2010-05-17,59.0,61.0,59.0,60.5,31342850.0
2010-05-18,60.0,61.0,60.0,61.0,75210300.0
2010-05-19,61.0,61.0,60.0,60.0,2599450.0
2010-05-20,60.0,60.0,58.0,58.0,15533750.0
2010-05-21,57.5,59.0,57.5,59.0,12327400.0
2010-05-24,59.0,60.0,58.0,59.0,125083650.0
2010-05-25,59.0,59.0,58.0,59.0,3317200.0
2010-05-26,59.5,60.0,58.5,58.5,54087600.0
2010-05-27,58.5,59.5,58.5,59.0,22222350.0
2010-05-28,60.0,61.5,60.0,61.0,91230150.0
2010-05-31,61.0,61.5,60.0,60.0,54746050.0
2010-06-01,60.0,60.5,60.0,60.0,11410550.0
2010-06-02,60.0,60.5,60.0,60.0,48536900.0
2010-06-03,60.0,63.0,60.0,63.0,64334600.0
2010-06-04,63.0,64.5,62.5,64.5,49313450.0
2010-06-07,63.5,63.5,61.5,62.0,5280050.0
2010-06-08,62.0,62.0,60.0,60.5,30052300.0
2010-06-09,61.0,62.0,60.5,62.0,19124500.0
2010-06-10,62.0,62.0,61.5,62.0,18801200.0
2010-06-11,62.0,63.0,61.0,62.5,5487850.0
2010-06-15,62.5,63.5,62.0,63.5,7663150.0
2010-06-16,63.5,64.0,63.5,64.0,29828650.0
2010-06-21,67.0,69.0,67.0,68.5,54199700.0
2010-06-22,68.5,68.5,68.0,68.5,26558400.0
2010-06-23,68.5,70.0,68.5,70.0,36500250.0
2010-06-24,70.0,70.0,68.0,69.5,20774700.0
2010-06-25,69.0,71.0,69.0,70.0,59066500.0
2010-06-28,70.5,70.5,70.5,70.5,5111250.0
2010-06-29,71.0,71.0,70.0,70.5,29090750.0
2010-07-01,70.0,70.0,69.5,70.0,52215500.0
2010-07-02,69.5,70.0,69.5,70.0,18297450.0
2010-07-06,69.5,70.5,69.0,69.0,5726200.0
2010-07-07,70.0,70.0,69.5,70.0,55286700.0
2010-07-08,70.0,70.5,70.0,70.5,19127750.0
2010-07-09,70.0,70.5,69.5,70.5,13440900.0
2010-07-13,70.5,72.5,70.5,72.5,47318300.0
2010-07-14,72.5,74.0,72.5,74.0,18710100.0
2010-07-15,74.0,77.0,74.0,77.0,44430750.0
2010-07-16,77.0,77.0,76.5,77.0,49514250.0
2010-07-19,77.0,77.0,75.0,75.0,8902700.0
2010-07-20,75.0,75.0,73.0,73.5,33253500.0
2010-07-21,73.5,74.5,73.5,74.0,33109850.0
2010-07-22,74.0,75.0,73.0,74.5,86891000.0
2010-07-23,74.5,75.0,73.0,73.0,25785950.0
2010-09-20,88.0,91.5,87.0,87.0,18896380.5
2010-09-21,89.95,89.95,87.5,88.0,14151531.5
2010-09-22,89.95,90.0,88.0,89.6,19586005.0
2010-09-23,89.6,89.6,89.0,89.5,35943662.5
2010-09-24,88.5,89.5,88.0,89.5,27655600.5
2010-09-27,89.55,90.5,89.55,89.75,38538309.0
2010-09-28,89.6,89.75,88.5,88.6,39110061.5
2010-09-29,88.3,88.8,87.95,87.95,36559990.5
2010-09-30,88.6,92.0,88.3,92.0,132524526.0
2010-10-01,90.0,91.5,88.5,91.5,57517502.0
2010-10-04,91.9,92.5,91.9,92.0,26702217.0
2010-10-05,92.0,92.0,90.5,90.5,26202353.0
2010-10-06,92.0,92.0,90.0,90.0,27830744.0
2010-10-07,90.0,92.0,89.75,91.8,55796142.5
2010-10-08,91.85,91.85,89.0,91.0,14114276.5
2010-10-12,91.0,91.0,86.35,86.35,15177643.5
2010-10-13,87.45,90.0,87.0,89.95,7224548.0
2010-10-14,90.05,90.5,89.9,90.0,23276935.0
2010-10-15,90.0,90.3,89.0,89.8,33316815.0
2010-10-18,90.55,100.0,90.55,97.0,345881752.0
2010-10-19,100.0,100.0,91.5,92.6,65433232.5
2010-10-20,92.6,94.0,92.35,93.1,44915890.0
2010-10-21,94.0,94.0,93.1,93.5,29565470.0
2010-10-22,93.45,93.5,93.25,93.25,91528668.0
2010-10-26,93.5,93.5,91.0,93.05,20080249.0
2010-10-27,91.2,93.05,90.25,90.3,76152888.0
2010-10-28,90.25,91.0,89.5,89.95,37498938.0
2010-10-29,90.0,90.0,88.3,88.5,47949402.5
2010-11-02,89.0,90.0,89.0,89.0,41895791.5
2010-11-03,89.5,91.0,89.5,90.25,93405316.5
2010-11-04,90.25,95.0,90.0,95.0,34541624.0
2010-11-08,95.0,95.0,91.0,91.0,30029719.0
2010-11-09,94.9,94.9,93.0,93.4,9245916.0
2010-11-10,93.4,95.0,93.0,94.9,91990736.0
2010-11-11,94.9,94.9,91.75,91.75,18659589.0
2010-11-12,93.0,93.0,91.0,91.0,19390905.0
2010-11-15,91.0,92.5,91.0,92.0,29426909.0
2010-11-17,92.5,92.5,86.5,88.0,36283826.5
2010-11-18,88.0,88.0,85.0,87.0,30543642.0
2010-11-19,87.05,90.0,87.05,90.0,22238119.0
2010-11-22,90.0,90.1,88.85,90.1,22332878.5
2010-11-23,90.1,90.2,89.85,90.0,23053278.0
2010-11-24,90.0,90.0,89.5,90.0,6791973.0
2010-11-25,90.0,90.0,86.6,87.0,4389806.0
2010-11-26,86.9,86.9,81.5,81.5,30389661.5
2010-11-30,81.55,83.5,78.0,78.0,91860750.5
2010-12-01,78.0,81.5,77.9,80.0,133809715.5
2010-12-02,81.1,82.95,81.1,82.0,82238795.5
2010-12-03,83.5,87.0,83.5,84.0,138665750.5
2010-12-06,85.0,89.0,84.45,89.0,58415583.0
2010-12-07,89.0,89.6,89.0,89.35,44111751.5
2010-12-08,89.8,91.4,89.8,90.0,103680927.5
2010-12-16,89.9,89.9,88.7,88.9,33914421.0
2010-12-22,89.0,89.0,87.0,87.15,8028785.5
2010-12-23,87.15,89.0,87.15,88.9,14482080.5
2010-12-28,89.0,89.0,88.85,88.9,17612523.0
2010-12-29,88.9,89.0,88.85,89.0,19870920.0
2011-01-03,88.9,89.0,88.6,88.95,18163356.0
2011-01-04,90.0,90.1,88.9,90.0,73980707.0
2011-01-05,89.9,89.9,88.2,88.2,6454310.5
2011-01-06,88.2,88.2,85.0,86.0,31581901.5
2011-01-07,86.1,88.0,86.1,87.5,20838349.5
2011-01-10,87.5,87.5,86.0,86.6,13205011.0
2011-01-11,86.6,86.6,85.0,86.0,29700638.5
2011-01-12,86.1,90.0,86.1,89.0,97937678.5
2011-01-13,89.95,89.95,86.0,86.0,66980502.5
2011-01-14,88.5,88.5,84.55,85.0,49256819.5
2011-01-17,85.05,86.5,85.0,85.05,9333418.5
2011-01-18,86.0,86.0,82.5,82.5,27040263.0
2011-01-19,82.95,83.1,82.4,82.75,59275827.5
2011-01-20,82.8,82.8,82.0,82.0,115818679.5
2011-01-24,80.0,80.5,77.7,77.9,81292415.5
2011-01-25,82.0,82.0,79.0,79.0,30313238.5
2011-01-26,81.0,81.0,78.15,78.2,21667532.0
2011-01-27,80.05,80.05,78.5,78.5,45387681.5
2011-01-28,78.85,78.85,75.95,75.95,125726326.0
2011-01-31,75.0,75.0,71.0,75.0,52491623.5
2011-02-01,74.5,74.5,70.0,71.0,107350667.5
2011-02-02,72.0,73.0,72.0,72.5,174464165.5
2011-02-03,72.5,73.5,72.5,72.8,66777941.0
2011-02-14,74.5,76.9,74.5,76.0,62333384.0
2011-02-16,76.0,77.4,76.0,77.0,61173742.0
2011-02-17,78.0,81.0,78.0,80.0,37403216.0
2011-02-18,80.5,80.5,77.5,77.9,48626360.5
2011-02-21,78.2,79.6,78.2,79.0,5791162.0
2011-02-22,79.3,79.8,79.1,79.5,8630753.0
2011-02-23,79.0,79.0,77.3,78.0,26597037.0
2011-02-24,77.5,77.5,74.0,75.0,47143131.5
2011-02-25,75.0,75.65,72.0,72.0,5793998.5
2011-02-28,71.2,71.2,67.6,68.05,97142287.0
2011-03-02,71.9,73.6,71.2,72.5,67665259.5
2011-03-03,73.0,76.5,73.0,75.5,70741893.0
2011-03-04,76.5,80.4,76.5,79.85,130499332.5
2011-03-07,79.8,79.9,78.0,79.8,61742869.5
2011-03-08,79.8,79.9,79.7,79.8,23105961.5
2011-03-11,81.5,81.5,80.1,81.1,43580999.0
2011-03-16,82.2,82.2,81.05,81.65,10146707.5
2011-03-17,81.55,81.55,78.0,80.1,32174864.5
2011-03-18,82.0,82.0,80.0,80.3,9757655.0
2011-03-21,82.0,82.2,81.4,81.65,28531501.0
2011-03-22,81.65,82.25,81.65,82.05,26878687.0
2011-03-23,82.1,84.5,82.05,83.0,56502045.5
2011-03-24,83.0,83.55,82.5,83.0,63009887.5
2011-03-25,83.0,84.0,83.0,84.0,32296983.0
2011-03-28,84.1,86.55,84.0,86.55,40943189.0
2011-03-29,86.55,87.0,86.0,86.75,58551731.5
2011-03-30,87.1,87.15,86.8,87.15,34010885.5
2011-03-31,87.25,88.1,86.0,87.2,56972704.5
2011-04-01,87.25,92.9,87.25,90.9,134366826.0
2011-04-04,91.0,91.6,91.0,91.6,20551938.5
2011-04-05,91.7,91.8,91.0,91.0,30514144.0
2011-04-06,91.0,93.1,86.45,86.45,64843803.0
2011-04-07,87.95,94.0,87.95,94.0,47611964.5
2011-04-08,94.0,96.1,92.05,95.0,33212473.0
2011-04-11,95.0,95.0,93.0,95.0,25822125.0
2011-04-12,94.45,95.0,91.95,95.0,14719987.5
2011-04-13,94.0,94.0,93.0,93.75,22871442.5
2011-04-14,94.0,95.0,94.0,95.0,95905841.5
2011-04-15,95.1,98.5,95.0,98.5,16918837.5
2011-04-26,93.0,95.0,93.0,95.0,22921087.5
2011-04-27,95.0,97.0,93.8,97.0,49200402.0
2011-04-28,97.0,97.45,95.5,96.0,71314973.5
2011-04-29,97.0,97.0,94.0,94.5,35165811.0
2011-05-02,94.5,95.0,94.2,95.0,4491953.0
2011-05-03,94.6,95.0,94.0,94.5,34126931.0
2011-05-04,92.65,94.5,89.9,94.45,49217735.0
2011-05-05,93.0,93.0,90.5,90.5,25789862.5
2011-05-06,90.5,93.0,90.5,91.9,96099339.0
2011-05-09,91.7,93.05,91.7,93.0,30296730.5
2011-05-10,93.0,93.0,91.8,92.0,84405718.0
2011-05-11,92.0,94.0,90.5,94.0,19065184.5
2011-05-12,93.5,93.5,92.0,92.0,16641581.0
2011-05-13,93.0,93.8,91.9,92.0,81912032.5
2011-05-16,92.0,92.0,90.0,90.0,14176360.5
2011-05-17,89.8,89.85,86.1,86.1,42993923.0
2011-05-18,88.7,88.7,85.9,86.0,35393049.0
2011-05-19,88.0,88.0,86.0,86.0,23309131.0
2011-05-20,86.0,87.9,86.0,86.5,32050839.5
2011-05-23,87.0,87.5,86.5,86.5,10735592.5
2011-05-24,87.0,88.0,86.9,88.0,23134350.0
2011-05-25,88.0,88.5,86.85,88.5,17892115.5
2011-05-26,89.5,89.75,88.0,89.35,38578183.0
2011-05-27,89.4,89.4,87.5,88.5,7288116.0
2011-05-30,89.4,89.4,87.5,89.0,1707428.0
2011-05-31,87.0,87.0,84.0,85.05,138521367.0
2011-06-01,86.0,86.95,85.95,86.95,75918107.5
2011-06-03,88.45,88.5,88.0,88.4,17555912.5
2011-06-06,89.0,89.0,87.9,88.0,37449640.0
2011-06-07,88.25,88.5,85.75,88.0,38973082.5
2011-06-08,87.0,88.0,86.4,87.0,18741170.5
2011-06-09,87.0,87.0,85.0,85.0,99537043.0
2011-06-10,85.0,85.2,83.9,84.05,45071722.0
2011-06-13,84.05,84.05,83.0,83.05,56204399.0
2011-06-14,83.05,83.9,83.0,83.0,31224614.0
2011-06-15,83.85,84.5,83.2,84.5,12134638.5
2011-06-16,84.35,84.4,83.0,83.0,133003427.5
2011-06-17,83.45,84.4,83.05,83.05,197706153.0
2011-06-21,83.4,84.0,83.1,84.0,106906771.0
2011-06-22,85.0,85.45,85.0,85.2,34471346.0
2011-06-23,86.0,86.0,85.05,85.4,14002192.0
2011-06-24,85.4,85.4,85.0,85.0,109546990.0
2011-06-27,85.2,85.8,85.0,85.0,7768053.0
2011-06-28,85.5,86.4,85.5,86.0,8047844.5
2011-06-29,86.5,86.9,85.9,86.0,76358757.5
2011-06-30,86.0,88.5,86.0,88.5,89746266.0
2011-07-01,88.4,89.95,88.2,89.9,56872602.5
2011-07-04,90.0,93.0,90.0,91.95,51829276.5
2011-07-05,91.95,91.95,89.5,89.85,38738582.0
2011-07-06,89.0,89.4,88.0,88.9,297486557.0
2011-07-07,88.9,88.9,87.1,87.1,11558531.5
2011-07-08,86.5,89.5,86.5,89.0,2915606.0
2011-07-11,89.0,89.0,88.0,88.55,11439775.5
2011-07-12,88.0,88.0,86.6,86.6,56281171.0
2011-07-13,86.8,89.2,86.6,88.0,18146098.5
2011-07-14,88.0,88.0,87.5,88.0,2307128.5
2011-07-15,88.5,89.0,88.0,89.0,8122076.5
2011-07-18,89.0,89.0,88.6,89.0,84991592.0
2011-07-19,89.0,89.0,87.0,88.8,5327839.0
2011-07-20,88.8,88.8,88.0,88.6,8133125.0
2011-07-21,88.6,88.6,88.0,88.0,36904198.0
2011-07-22,89.0,89.0,87.8,88.0,32914395.5
2011-07-25,88.4,88.5,87.9,88.0,17573111.0
2011-07-26,87.9,87.9,86.1,86.1,19814117.5
2011-07-27,86.1,88.0,86.1,87.5,17007676.0
2011-07-28,88.0,88.0,87.0,87.4,59225571.0
2011-07-29,86.9,87.45,86.9,86.95,13487324.5
2011-08-01,87.0,88.0,87.0,87.35,29463210.5
2011-08-02,87.5,89.0,87.45,88.0,76552929.5
2011-08-03,87.95,87.95,86.9,87.05,19661026.0
2011-08-04,87.05,87.05,86.1,86.25,32017088.0
2011-08-05,85.1,86.0,85.0,85.8,24060610.5
2011-08-08,85.2,85.2,85.0,85.0,95406217.5
2011-08-09,83.0,84.0,82.0,82.6,100235676.0
2011-08-10,84.0,85.2,83.5,84.75,191390991.5
2011-08-11,85.0,85.5,84.25,85.0,196617891.0
2011-08-12,85.1,86.5,85.0,85.6,16966050.0
2011-08-15,86.0,86.9,85.1,85.1,15740234.0
2011-08-16,85.1,86.0,85.0,85.3,615463863.5
2011-08-17,85.45,86.0,85.3,86.0,1587792.0
2011-08-18,86.35,87.3,86.3,87.15,20617257.0
2011-08-19,87.0,87.15,86.85,86.95,51324460.0
2011-08-22,86.5,86.5,84.0,84.05,48322319.5
2011-08-23,84.1,88.0,84.1,88.0,9967046.0
2011-08-24,87.45,87.45,86.0,86.2,4641923.5
2011-08-25,85.0,86.0,84.0,85.0,2110457.0
2011-08-26,85.0,86.0,85.0,85.0,19893097.0
2011-08-31,85.0,87.0,84.8,87.0,22877041.0
2011-09-01,86.0,87.5,85.8,87.5,11368234.0
2011-09-02,86.9,86.9,85.45,85.5,23307046.5
2011-09-05,87.0,87.1,86.0,87.1,12130195.5
2011-09-06,87.1,87.1,86.55,86.95,26249414.5
2011-09-07,86.9,86.95,86.5,86.9,37438895.5
2011-09-08,87.9,87.9,86.8,86.9,17142209.5
2011-09-09,87.0,92.05,87.0,92.0,190759358.5
2011-09-12,91.85,91.85,88.15,88.15,10970793.5
2011-09-13,88.0,88.0,86.0,87.0,49498005.5
2011-09-14,87.05,88.05,85.8,86.4,24799147.5
2011-09-15,88.9,88.9,85.1,85.1,31702924.5
2011-09-16,87.0,90.0,86.2,90.0,38546034.0
2011-09-19,89.9,89.9,88.0,89.0,3264121.0
2011-09-20,88.8,88.95,88.0,88.8,12868762.0
2011-09-21,88.8,88.8,88.0,88.1,17724076.0
2011-09-22,87.0,87.0,85.0,85.25,52884617.5
2011-09-23,84.4,84.4,83.0,83.5,45070002.5
2011-09-26,83.0,86.0,82.0,84.0,53233902.0
2011-09-28,86.0,86.0,84.0,84.0,60613727.0
2011-09-29,83.0,83.4,81.3,81.95,99217315.5
2011-10-03,84.5,85.9,82.1,82.1,36689474.5
2011-10-04,84.2,84.2,82.1,83.3,57102002.5
2011-10-05,84.3,84.3,82.0,82.0,8289541.0
2011-10-06,80.0,84.0,80.0,82.8,38979226.5
2011-10-07,84.5,89.9,84.5,88.95,57845210.0
2011-10-10,89.0,89.0,86.0,86.85,5249202.0
2011-10-11,88.9,89.0,86.85,88.0,25881808.5
2011-10-12,88.0,89.0,88.0,88.9,14649849.0
2011-10-13,88.9,89.0,88.5,88.9,26590008.5
2011-10-14,88.9,89.0,88.8,88.9,29696451.5
2011-10-17,89.0,89.9,89.0,89.3,33615013.5
2011-10-18,89.15,89.15,87.2,88.95,30505261.0
2011-10-19,89.3,89.3,88.5,89.15,28214976.5
2011-10-20,89.15,89.2,88.7,89.2,5511200.0
2011-10-21,89.3,89.3,87.0,87.25,23123809.0
2011-10-24,87.25,88.5,86.8,86.8,5055799.5
2011-10-25,87.25,89.0,87.25,89.0,27049594.0
2011-10-26,89.0,89.0,87.3,88.8,21045792.5
2011-10-27,88.8,89.1,88.6,88.6,22888112.5
2011-10-28,89.1,91.55,89.1,90.6,89677035.0
2011-11-02,90.0,91.2,88.6,88.9,57391693.0
2011-11-03,89.8,90.0,88.95,89.1,14140443.5
2011-11-04,89.1,89.6,89.1,89.25,78392685.5
2011-11-08,90.0,90.0,89.6,89.85,28200187.5
2011-11-09,89.9,95.0,89.9,95.0,190616490.5
2011-11-10,92.0,94.8,91.0,94.0,95719502.5
2011-11-11,94.0,94.8,93.6,93.95,2582386.5
2011-11-14,93.95,94.0,93.0,93.7,27693747.5
2011-11-15,93.75,93.95,91.5,92.6,22073560.0
2011-11-16,92.6,92.9,91.8,91.95,30819397.0
2011-11-17,92.0,92.2,91.0,91.5,51490183.0
2011-11-18,91.4,91.45,87.0,88.6,37361478.5
2011-11-21,90.0,90.0,87.95,88.65,24101383.0
2011-11-22,88.65,90.0,88.2,90.0,9139014.5
2011-11-23,88.95,90.0,88.95,89.05,38391269.0
2011-11-24,89.0,89.0,88.1,88.8,16230418.5
2011-11-25,88.7,91.0,88.6,91.0,17689242.5
2011-11-28,91.0,91.0,88.1,88.6,27516377.5
2011-11-29,88.6,89.8,88.0,88.0,34540092.5
2011-12-01,90.0,90.0,88.0,88.0,30894674.5
2011-12-02,88.0,89.7,87.9,89.7,42525926.5
2011-12-05,89.0,89.9,89.0,89.7,17138826.0
2011-12-06,89.5,89.7,89.0,89.7,11619536.5
2011-12-07,89.7,90.5,89.7,90.5,24153967.0
2011-12-08,90.55,93.35,90.5,93.35,25132907.0
2011-12-09,93.3,93.3,88.5,89.0,13342488.0
2011-12-12,91.0,91.0,88.1,88.1,12793214.5
2011-12-13,89.5,89.5,88.0,88.0,20150941.0
2011-12-14,88.1,89.5,88.1,88.2,3083656.0
2011-12-15,88.95,90.0,88.95,89.6,34850281.0
2011-12-16,89.6,91.0,89.6,91.0,51513493.5
2011-12-19,91.0,92.5,90.6,90.6,35544690.5
2011-12-20,92.0,92.2,91.9,92.1,47936014.0
2011-12-21,92.1,92.5,92.0,92.0,37351167.0
2011-12-22,92.0,92.0,90.5,92.0,5121025.0
2011-12-23,92.0,92.0,91.7,91.85,18755869.5
2011-12-26,92.0,92.0,91.0,91.5,4094898.0
2011-12-27,91.5,91.5,89.0,91.0,9816234.0
2011-12-28,91.3,91.3,88.0,88.0,9368961.5
2011-12-29,90.95,90.95,90.0,90.45,27849994.0
2012-01-02,90.5,93.0,89.5,93.0,5678896.0
2012-01-03,92.9,93.0,91.5,93.0,31435325.0
2012-01-04,93.0,93.3,92.95,93.0,20252775.5
2012-01-05,93.0,94.05,92.5,93.7,64739361.5
2012-01-06,93.7,93.75,91.85,91.9,16513415.0
2012-01-09,93.7,94.5,91.0,94.5,35217491.5
2012-01-10,94.4,94.4,92.5,92.9,21047049.0
2012-01-11,93.0,93.9,93.0,93.35,46934555.5
2012-01-12,93.3,93.3,91.3,91.45,30990352.0
2012-01-13,92.2,92.2,89.0,89.5,44368002.0
2012-01-16,90.0,90.0,89.0,89.2,31209742.0
2012-01-17,90.0,90.9,89.1,89.95,34466887.5
2012-01-18,90.0,90.1,89.5,89.6,46594920.5
2012-01-19,90.0,90.05,89.25,89.5,44934330.0
2012-01-20,91.0,93.3,91.0,93.3,70372137.5
2012-01-24,92.8,92.8,90.45,90.95,21016402.0
2012-01-25,94.2,94.2,91.6,93.0,59055697.5
2012-01-26,93.5,94.05,92.65,93.5,111288072.5
2012-01-27,93.8,96.0,93.8,96.0,113880940.0
2012-01-30,96.0,96.0,95.0,95.8,126240285.5
2012-01-31,95.8,97.8,95.8,97.8,198457303.5
2012-02-01,97.8,99.0,96.75,99.0,130133156.0
2012-02-02,99.0,101.0,98.6,100.0,66423574.5
2012-02-03,99.9,100.0,97.0,100.0,30629891.5
2012-02-06,99.5,99.5,98.0,99.0,32709324.0
2012-02-07,98.5,100.0,98.0,98.0,23769189.0
2012-02-08,98.0,98.7,97.0,97.75,57180890.5
2012-02-09,98.0,99.9,97.8,99.9,133645153.0
2012-02-10,99.8,99.8,96.05,99.0,72865927.0
2012-02-13,98.5,99.5,98.2,99.5,5230836.5
2012-02-14,99.35,100.0,99.05,99.4,22279675.0
2012-02-15,99.4,99.4,96.2,98.7,37345070.5
2012-02-16,99.5,99.5,96.0,96.8,10864423.5
2012-02-17,98.5,99.9,98.5,99.9,15463578.0
2012-02-20,99.9,102.0,99.7,101.0,29355672.0
2012-02-21,101.0,101.5,99.75,100.0,9303419.0
2012-02-22,100.0,104.9,99.8,104.0,22851910.5
2012-02-23,104.0,104.8,101.5,104.8,12643590.0
2012-02-24,104.8,104.8,100.0,100.0,27492326.0
2012-02-27,101.9,101.9,97.0,98.0,22151287.0
2012-02-28,98.0,100.0,98.0,99.5,12909156.5
2012-02-29,99.9,99.9,98.0,98.0,55953312.5
2012-03-01,99.5,101.1,99.5,100.0,44662249.0
2012-03-02,101.0,103.0,100.6,103.0,22543856.0
2012-03-05,103.0,103.5,101.5,103.5,13188150.0
2012-03-06,103.5,103.6,101.5,103.5,15360354.0
2012-03-07,103.2,103.2,99.85,100.1,17134331.0
2012-03-08,102.1,102.1,100.1,100.5,6118175.0
2012-03-09,103.0,103.0,101.0,102.9,30641524.0
2012-03-12,101.1,103.5,101.1,103.0,29924518.0
2012-03-13,102.0,106.5,101.6,105.5,26202095.0
2012-03-14,105.5,106.5,105.0,106.5,52791506.0
2012-03-15,108.0,108.0,105.4,105.4,30831812.0
2012-03-16,108.0,120.0,108.0,119.5,124014302.0
2012-03-19,119.5,119.5,117.0,119.0,24196722.0
2012-03-20,119.5,119.5,116.0,116.0,77636478.0
2012-03-21,115.0,119.2,115.0,119.2,34221783.0
2012-03-22,118.0,118.0,117.0,117.0,74831378.0
2012-03-23,117.0,117.5,112.0,113.0,24127607.0
2012-03-26,113.0,116.9,113.0,113.0,25090337.0
2012-03-27,113.0,114.0,112.9,112.9,47477961.0
2012-03-28,112.0,112.0,105.0,105.5,96811458.0
2012-03-29,107.0,115.8,106.6,114.0,96300622.0
2012-03-30,116.2,117.0,114.0,117.0,185378210.0
2012-04-02,117.0,118.0,113.5,118.0,55234163.0
2012-04-03,119.0,119.3,113.0,113.0,77620504.0
2012-04-04,118.7,118.7,115.5,117.0,22455213.0
2012-04-10,115.9,116.0,114.5,114.9,21516047.0
2012-04-11,117.0,117.0,114.6,114.9,10907087.0
2012-04-12,114.9,115.0,111.0,115.0,40897550.0
2012-04-13,115.0,115.0,114.0,114.9,10744154.0
2012-04-16,114.9,115.0,113.0,114.0,12399180.0
2012-04-17,114.0,115.0,113.1,113.8,21860793.0
2012-04-18,114.0,114.5,110.0,110.0,53051093.0
2012-04-19,111.6,113.4,110.8,112.0,7022410.0
2012-04-20,111.0,113.0,109.0,109.0,48625868.0
2012-04-23,109.9,112.0,109.9,112.0,21644557.0
2012-04-24,112.0,112.0,111.7,112.0,20739574.0
2012-04-25,113.0,114.1,113.0,113.2,16141232.0
2012-04-26,113.3,113.3,110.1,111.3,20975918.0
2012-04-27,111.4,112.0,108.4,108.5,34684900.0
2012-04-30,111.0,113.0,111.0,112.1,27820751.0
2012-05-02,112.1,113.4,110.0,111.0,34414495.0
2012-05-03,112.9,113.0,112.0,112.9,41658458.0
2012-05-04,112.9,112.9,108.5,111.0,135988719.0
2012-05-07,111.0,112.0,108.2,111.0,34936080.0
2012-05-08,107.8,111.0,107.8,111.0,25506749.0
2012-05-09,110.5,111.0,110.2,110.3,73624614.0
2012-05-10,110.9,110.9,109.0,110.9,30773687.0
2012-05-11,110.3,111.0,108.5,108.5,28260315.0
2012-05-14,108.5,111.0,105.0,110.0,61981671.0
2012-05-15,109.0,109.0,104.0,105.7,37880364.0
2012-05-16,105.7,110.0,100.0,100.0,69059989.0
2012-05-17,103.0,108.0,103.0,108.0,23985886.0
2012-05-18,108.0,111.3,105.1,105.2,49898088.0
2012-05-21,109.0,110.0,108.0,109.0,52808561.0
2012-05-22,110.7,111.0,110.0,110.0,14605553.0
2012-05-23,105.0,106.0,101.1,105.5,42173619.0
2012-05-24,106.0,106.0,104.7,105.4,3937392.0
2012-05-25,105.5,109.0,105.1,109.0,11450988.0
2012-05-28,110.0,110.0,106.0,110.0,5680281.0
2012-05-29,109.5,110.5,109.0,110.0,190947707.0
2012-05-30,109.0,111.0,109.0,111.0,102530790.0
2012-05-31,111.0,111.0,103.0,105.6,166898509.0
2012-06-01,105.8,110.0,105.8,110.0,28608201.0
2012-06-04,108.0,108.0,103.5,104.6,42676795.0
2012-06-05,107.0,107.7,105.0,105.0,19034893.0
2012-06-06,105.0,107.7,105.0,106.1,28594993.0
2012-06-07,109.0,109.4,107.1,107.1,21337909.0
2012-06-08,109.0,109.0,107.2,108.3,17306169.0
2012-06-11,108.3,109.0,108.3,108.6,32066491.0
2012-06-13,105.4,107.9,105.4,107.9,47295575.0
2012-06-14,107.9,107.9,105.1,105.2,67887611.0
2012-06-15,107.4,107.4,100.0,101.2,105903739.0
2012-06-18,104.9,105.5,103.5,105.0,81075659.0
2012-06-19,106.0,106.0,103.8,103.8,27767371.0
2012-06-20,103.8,107.7,103.6,107.7,48768649.0
2012-06-21,107.7,107.7,104.2,105.0,11794209.0
2012-06-22,105.9,106.5,104.0,104.0,5490839.0
2012-06-25,106.5,107.4,106.5,107.0,13060902.0
2012-06-26,107.0,108.2,106.6,107.9,20593606.0
2012-06-27,108.4,108.4,107.9,108.0,45667284.0
2012-06-28,109.7,109.8,106.0,107.5,21423025.0
2012-06-29,107.5,107.5,103.5,104.2,115667508.0
2012-07-02,106.0,108.0,106.0,107.9,56387666.0
2012-07-03,107.8,107.8,105.6,105.6,30337183.0
2012-07-04,107.4,107.4,104.8,105.0,31271062.0
2012-07-05,105.5,107.8,105.2,107.8,37053760.0
2012-07-06,107.0,107.3,105.1,105.1,13973867.0
2012-07-09,107.3,107.3,104.3,104.3,7428065.0
2012-07-10,104.7,105.0,103.0,103.0,58303928.0
2012-07-11,101.0,105.9,101.0,101.9,66202834.0
2012-07-12,102.1,103.1,102.0,102.0,9775570.0
2012-07-13,102.1,104.5,102.0,104.0,14714452.0
2012-07-16,102.5,106.1,102.5,106.1,24764076.0
2012-07-17,105.0,105.5,104.0,105.0,28352263.0
2012-07-18,104.0,105.6,104.0,105.0,47127689.0
2012-07-19,104.8,107.0,103.2,107.0,48684309.0
2012-07-20,106.0,106.0,103.9,105.8,26216155.0
2012-07-23,104.0,106.5,104.0,106.5,7406712.0
2012-07-24,105.0,107.0,104.0,106.0,91995225.0
2012-07-25,104.0,106.0,102.2,104.9,23674193.0
2012-07-26,103.9,104.1,101.7,101.7,68487441.0
2012-07-27,102.5,104.6,101.1,104.6,37076114.0
2012-07-30,104.6,104.8,103.5,104.0,26323669.0
2012-07-31,102.9,104.5,102.0,103.1,62991193.0
2012-08-01,102.1,102.1,100.0,100.0,162599184.0
2012-08-02,101.9,102.6,101.4,102.1,35460429.0
2012-08-03,103.1,105.9,102.9,105.6,81215542.0
2012-08-06,105.6,105.6,102.0,102.5,14089363.0
2012-08-08,102.5,102.5,100.2,100.5,40935771.0
2012-08-09,101.5,101.5,100.0,100.0,90887716.0
2012-08-10,100.3,101.0,99.8,101.0,75387225.0
2012-08-13,101.6,101.6,99.9,100.0,28177664.0
2012-08-14,100.2,100.2,98.5,98.5,59876584.5
2012-08-15,99.4,99.95,96.25,99.9,109320233.0
2012-08-16,99.5,99.5,96.55,96.75,49220018.0
2012-08-17,96.75,97.1,95.4,95.4,75507184.0
2012-08-22,94.5,96.2,93.0,96.2,52327448.5
2012-08-23,95.0,96.9,95.0,96.5,34376592.0
2012-08-24,96.6,100.0,96.25,97.3,9636155.5
2012-08-28,97.3,99.5,97.3,98.05,19789112.0
2012-08-29,98.5,98.5,97.55,98.25,61841608.0
2012-08-30,98.3,98.3,97.5,97.5,45813731.0
2012-08-31,97.3,100.0,96.8,100.0,56667032.5
2012-09-03,99.8,99.8,97.5,98.5,63564846.0
2012-09-04,98.9,98.9,97.4,97.5,39186225.5
2012-09-05,97.5,97.5,94.0,94.0,63173918.5
2012-09-06,94.0,97.0,94.0,96.3,20206091.0
2012-09-07,96.3,97.5,94.55,96.5,37444554.0
2012-09-10,96.3,96.3,94.5,94.5,12654820.0
2012-09-11,95.0,95.0,94.3,94.7,32353887.0
2012-09-12,96.55,97.4,96.55,96.9,42836506.0
2012-09-13,97.2,98.9,96.9,98.6,25512331.5
2012-09-14,98.9,101.4,98.9,101.4,59654633.5
2012-09-17,101.9,104.5,101.5,103.0,56961233.0
2012-09-18,104.0,104.0,99.0,99.5,56198582.0
2012-09-19,101.9,101.9,99.5,99.95,30562265.0
2012-09-20,100.0,100.0,99.5,99.9,3158066.5
2012-09-21,100.0,100.0,99.85,100.0,30223867.0
2012-09-24,100.0,102.0,99.7,102.0,21903806.5
2012-09-25,100.0,103.0,99.5,102.6,37001697.5
2012-09-26,101.3,102.5,100.0,102.0,17197338.0
2012-09-27,102.0,102.0,100.9,101.4,12917058.0
2012-09-28,102.1,102.1,101.0,101.0,25120374.0
2012-10-01,100.9,100.9,100.1,100.2,12558674.0
2012-10-02,100.0,100.1,99.7,99.7,30790474.5
2012-10-03,100.0,101.0,99.7,101.0,40275701.5
2012-10-04,99.85,103.8,99.8,103.1,50418431.5
2012-10-05,103.1,104.4,103.0,103.4,99675089.0
2012-10-08,103.0,105.5,102.0,105.0,55123546.0
2012-10-09,104.5,105.0,102.6,104.0,40514851.0
2012-10-10,103.8,104.0,102.0,102.0,134172988.0
2012-10-11,100.5,102.0,100.5,100.5,7049945.0
2012-10-12,101.5,101.9,100.1,100.1,39022195.0
2012-10-15,100.0,100.5,99.9,100.0,63764507.5
2012-10-16,100.0,101.1,99.8,99.9,32475635.5
2012-10-17,100.0,104.0,100.0,104.0,32179596.0
2012-10-18,103.9,105.2,103.0,105.0,60100635.0
2012-10-19,105.0,105.9,104.5,105.0,25963045.0
2012-10-22,103.9,103.9,101.0,101.9,48865901.0
2012-10-23,102.0,102.0,101.0,101.0,13833244.0
2012-10-24,101.0,101.5,100.9,101.0,101973220.0
2012-10-25,103.5,103.5,101.4,102.0,16995814.0
2012-10-29,102.0,105.0,102.0,104.8,30553651.0
2012-10-30,104.7,105.0,104.5,105.0,19903728.0
2012-10-31,105.0,105.9,104.8,105.7,80225810.0
2012-11-05,105.7,105.7,105.2,105.7,51440570.0
2012-11-06,105.7,105.7,104.5,105.5,28669459.0
2012-11-07,104.0,105.5,103.0,105.5,47500834.0
2012-11-08,105.2,105.5,104.0,105.5,39947370.0
2012-11-09,105.2,105.5,104.6,105.5,51984661.0
2012-11-12,105.4,105.8,104.5,105.8,53827001.0
2012-11-13,105.7,105.8,105.0,105.0,26144024.0
2012-11-14,105.0,107.0,105.0,105.7,52319848.0
2012-11-15,105.0,105.5,103.1,103.1,20167202.0
2012-11-16,105.0,107.5,103.2,107.5,27338769.0
2012-11-19,107.4,107.4,103.6,103.7,49154243.0
2012-11-20,103.8,105.9,103.7,105.9,72671633.0
2012-11-21,105.9,107.0,105.9,106.9,31531175.0
2012-11-22,107.0,107.0,105.3,105.3,19319050.0
2012-11-23,105.3,106.9,105.3,106.5,22998507.0
2012-11-26,106.5,107.2,105.0,105.0,49675822.0
2012-11-27,105.1,107.0,104.6,106.8,73953349.0
2012-11-28,106.8,106.8,105.0,105.0,26000915.0
2012-11-29,104.5,105.0,104.0,104.5,67342354.0
2012-12-03,104.5,106.0,103.9,106.0,43464762.0
2012-12-04,105.5,107.0,105.0,107.0,72672302.0
2012-12-05,106.8,106.8,106.0,106.0,25506643.0
2012-12-06,106.7,109.0,106.7,107.7,63997874.0
2012-12-07,107.8,109.5,107.8,109.2,77859803.0
2012-12-10,109.0,109.8,108.3,109.8,41227979.0
2012-12-11,110.0,110.0,106.0,108.8,129484218.0
2012-12-12,108.8,109.0,104.0,104.5,56527735.0
2012-12-13,105.5,108.4,105.0,108.1,75513152.0
2012-12-14,107.0,108.1,107.0,107.1,60073106.0
2012-12-17,107.1,107.5,104.0,104.0,62347771.0
2012-12-18,105.5,107.5,105.5,107.5,44887945.0
2012-12-19,107.5,108.0,107.0,107.4,87744932.0
2012-12-20,107.9,107.9,105.0,107.0,96524012.0
2012-12-21,104.6,107.9,104.6,107.0,22025746.0
2012-12-26,107.0,107.9,105.5,105.5,123297456.0
2012-12-27,107.0,107.0,105.0,105.2,9991031.0
2012-12-28,107.0,107.0,102.0,102.0,158374476.0
2013-01-02,102.0,104.5,102.0,104.2,13060574.0
2013-01-03,104.8,107.5,104.8,107.2,73155131.0
2013-01-04,107.0,107.6,107.0,107.6,58793350.0
2013-01-07,107.5,107.5,106.7,107.0,77006074.0
2013-01-08,107.1,107.7,107.1,107.3,41838775.0
2013-01-09,106.5,108.5,106.5,107.3,71402538.0
2013-01-10,107.3,107.8,107.3,107.4,39196569.0
2013-01-11,107.4,107.8,107.3,107.5,31946514.0
2013-01-14,108.0,108.4,107.5,108.0,52587944.0
2013-01-15,108.0,108.3,104.8,106.1,206896025.0
2013-01-16,107.9,108.9,107.0,108.5,49896276.0
2013-01-17,108.8,109.0,106.9,106.9,32893852.0
2013-01-18,105.6,108.2,105.5,108.0,199387539.0
2013-01-21,107.0,108.3,107.0,108.3,59661022.0
2013-01-22,108.5,108.5,107.0,107.0,78060306.0
2013-01-23,107.3,107.3,106.5,106.7,77460569.0
2013-01-24,106.4,108.0,106.3,107.9,28035826.0
2013-01-25,107.0,107.1,106.5,107.1,98486705.0
2013-01-28,107.1,110.0,107.0,110.0,131416928.0
2013-01-29,110.0,110.0,108.2,108.8,74925331.0
2013-01-30,108.8,109.2,107.5,108.5,109933839.0
2013-01-31,110.0,110.2,108.0,109.7,64253715.0
2013-02-01,109.7,109.9,108.4,109.2,65963217.0
2013-02-04,109.9,113.0,109.9,112.9,85224501.0
2013-02-05,112.9,112.9,109.0,111.9,94928128.0
2013-02-06,112.0,112.0,109.1,109.1,30464505.0
2013-02-07,111.5,113.9,111.5,113.9,79405608.0
2013-02-08,114.0,114.0,112.0,112.0,17848465.0
2013-02-11,113.5,114.0,111.9,111.9,82088066.0
2013-02-12,111.9,111.9,110.0,110.0,38760931.0
2013-02-13,110.5,113.1,110.5,111.0,283530160.0
2013-02-14,112.0,112.0,110.8,110.8,116280279.0
2013-02-15,110.8,111.5,110.8,110.9,96920392.0
2013-02-18,110.6,113.5,110.5,112.8,899920394.0
2013-02-19,113.5,115.2,113.5,115.0,110294695.0
2013-02-20,115.3,117.3,115.3,116.4,71438425.0
2013-02-21,117.0,124.0,117.0,123.3,205421431.0
2013-02-22,123.2,128.0,122.5,128.0,349213023.0
2013-02-25,127.0,131.2,127.0,129.5,275257997.0
2013-02-26,127.0,129.0,125.0,126.0,172331751.0
2013-02-27,126.0,129.0,125.0,126.0,109019067.0
2013-02-28,127.9,127.9,126.0,126.9,100830674.0
2013-03-01,126.9,126.9,125.0,126.1,28025370.0
2013-03-04,126.1,126.1,124.0,125.0,78047517.0
2013-03-05,124.0,124.0,121.0,121.5,131641188.0
2013-03-06,121.0,125.5,121.0,124.0,63139352.0
2013-03-07,124.0,124.0,123.4,123.7,62313028.0
2013-03-08,125.0,125.5,124.0,124.5,123689055.0
2013-03-11,124.5,125.8,124.3,124.8,75214122.0
2013-03-12,125.5,126.0,124.8,125.3,60012190.0
2013-03-13,126.0,126.0,122.0,124.0,59272344.0
2013-03-14,123.0,125.0,123.0,124.3,72563821.0
2013-03-15,121.8,125.0,121.8,122.0,107546612.0
2013-03-18,122.0,123.5,122.0,122.0,49434775.0
2013-03-19,122.0,122.0,119.5,119.5,111469787.0
2013-03-20,119.0,119.5,116.0,116.6,183364804.0
2013-03-21,117.5,119.0,116.9,117.0,57253427.0
2013-03-22,117.0,118.9,115.0,115.0,154802131.0
2013-03-25,117.0,118.0,117.0,117.9,68015864.0
2013-03-26,118.0,123.5,118.0,120.3,100370574.0
2013-03-27,121.0,126.0,121.0,126.0,152662019.0
2013-04-01,127.0,128.0,123.5,125.0,75212201.0
2013-04-02,124.9,126.0,124.0,125.0,44634511.0
2013-04-03,125.0,125.2,124.7,125.0,66977116.0
2013-04-04,125.0,125.0,124.5,124.9,35475325.0
2013-04-05,125.0,125.0,124.0,124.4,103534877.0
2013-04-08,125.0,125.0,124.2,124.5,40046856.0
2013-04-10,125.0,125.0,124.5,125.0,56612109.0
2013-04-11,124.9,125.0,124.4,124.8,59415808.0
2013-04-12,125.0,125.0,124.0,124.0,22387191.0
2013-04-15,124.0,124.1,122.0,123.8,37381418.0
2013-04-16,123.8,124.0,121.0,124.0,35596508.0
2013-04-17,125.0,125.0,123.9,124.5,94909520.0
2013-04-18,124.5,124.6,121.9,124.4,59876714.0
2013-04-19,124.4,125.0,124.0,125.0,55837857.0
2013-04-22,125.0,127.4,125.0,127.3,95010504.0
2013-04-23,127.0,129.3,123.2,123.2,123325996.0
2013-04-24,128.6,129.1,127.0,127.5,124509447.0
2013-04-25,128.0,129.0,126.0,128.0,42121825.0
2013-04-26,128.0,129.6,124.3,129.0,48530687.0
2013-04-29,129.0,129.0,128.0,128.8,39119375.0
2013-04-30,129.0,129.1,127.0,128.5,63591709.0
2013-05-02,128.5,128.5,126.0,127.9,35347114.0
2013-05-03,128.0,130.0,128.0,129.5,101306507.0
2013-05-06,129.0,129.6,125.3,125.3,51156341.0
2013-05-07,129.0,129.6,128.0,128.5,71170895.0
2013-05-08,129.7,130.5,129.0,130.0,97206869.0
2013-05-09,130.0,132.2,130.0,132.1,70803703.0
2013-05-10,132.6,134.5,132.6,134.0,54358809.0
2013-05-14,134.0,137.0,133.5,134.5,68987262.0
2013-05-15,137.0,139.4,137.0,139.1,48594550.0
2013-05-16,139.2,140.0,136.0,136.5,89321108.0
2013-05-17,136.5,139.4,136.5,139.4,39873175.0
2013-05-20,139.4,139.4,137.9,138.0,68215025.0
2013-05-21,139.0,139.0,137.9,139.0,69739272.0
2013-05-22,139.0,140.0,138.7,139.0,101903349.0
2013-05-23,139.0,141.0,136.8,141.0,93183144.0
2013-05-24,140.0,140.0,138.0,140.0,36230805.0
2013-05-27,140.0,140.0,135.2,136.0,75404859.0
2013-05-28,136.0,139.0,136.0,138.0,55949267.0
2013-05-29,138.0,151.0,138.0,151.0,137993399.0
2013-05-30,149.5,149.5,140.0,140.0,186113278.0
2013-05-31,141.0,144.9,135.8,135.8,221907021.0
2013-06-03,136.0,137.2,131.5,132.0,190146955.0
2013-06-04,132.0,139.0,132.0,138.0,116869604.0
2013-06-05,136.2,140.0,136.2,139.9,110287309.0
2013-06-06,136.0,150.0,134.5,150.0,94305777.0
2013-06-07,150.0,150.0,144.0,149.0,59535457.0
2013-06-10,149.0,149.0,141.0,144.5,99147031.0
2013-06-11,144.0,144.5,140.1,142.5,106634839.0
2013-06-13,142.5,142.5,130.0,130.0,129858434.0
2013-06-14,131.0,136.5,130.0,130.0,99515401.0
2013-06-17,132.0,137.0,129.0,137.0,44656778.0
2013-06-18,137.2,141.0,137.2,140.8,107405042.0
2013-06-19,143.0,143.4,140.0,142.1,60675699.0
2013-06-20,139.5,139.5,134.5,134.5,96377313.0
2013-06-21,133.0,137.8,130.0,137.8,64531109.0
2013-06-24,137.0,137.0,130.0,130.2,120184958.0
2013-06-25,130.5,131.3,124.7,124.7,162594774.0
2013-06-26,125.3,140.0,125.3,137.0,178488664.0
2013-06-27,138.0,145.0,138.0,142.0,172357698.0
2013-06-28,142.1,148.0,142.0,148.0,147128314.0
2013-07-01,147.0,147.4,144.4,145.0,44194614.0
2013-07-02,146.0,147.0,137.3,137.3,50560202.0
2013-07-03,137.4,146.9,137.4,145.5,53776316.0
2013-07-04,147.0,147.1,145.0,146.2,27528309.0
2013-07-05,146.2,147.2,142.0,147.2,101269100.0
2013-07-08,147.5,147.5,140.0,141.9,60750440.0
2013-07-09,146.0,146.0,141.9,143.0,68261616.0
2013-07-10,143.0,143.9,138.5,140.0,172714433.0
2013-07-11,142.0,145.0,141.8,141.8,230320379.0
2013-07-12,142.5,146.8,142.5,146.5,81544069.0
2013-07-15,146.5,151.0,146.5,150.7,153743188.0
2013-07-16,150.7,152.0,150.0,152.0,95593010.0
2013-07-17,151.5,152.5,149.0,152.0,154026353.0
2013-07-18,152.5,153.4,152.0,152.4,115202586.0
2013-07-19,152.4,152.4,148.0,148.0,34794687.0
2013-07-22,150.0,152.0,148.6,148.6,31433985.0
2013-07-23,150.0,151.6,149.0,151.6,95630609.0
2013-07-24,151.6,153.0,151.2,153.0,63962597.0
2013-07-25,152.9,157.0,152.9,157.0,87832996.0
2013-07-26,156.0,168.2,156.0,163.0,110120141.0
2013-07-29,163.0,163.0,156.5,156.5,47489250.0
2013-07-30,158.0,158.0,155.9,156.0,71174073.0
2013-07-31,155.0,156.0,154.1,155.0,133393041.0
2013-08-01,155.7,157.5,155.7,156.5,51629932.0
2013-08-02,156.5,156.5,155.0,155.9,309677086.0
2013-08-05,156.0,160.0,155.9,159.7,188688075.0
2013-08-06,160.0,162.9,158.9,160.1,81318053.0
2013-08-07,160.3,163.0,160.3,162.3,69155035.0
2013-08-08,162.6,166.5,162.6,164.8,86209473.0
2013-08-12,165.2,167.8,165.1,166.0,116135560.0
2013-08-13,166.1,168.2,166.1,168.0,49788835.0
2013-08-14,168.2,178.0,168.0,177.0,176824083.0
2013-08-15,174.0,178.5,170.0,178.0,132260347.0
2013-08-16,179.5,179.5,176.0,176.0,42860715.0
2013-08-22,160.1,168.0,159.4,168.0,330273641.0
2013-08-23,167.9,167.9,160.0,162.3,130602757.0
2013-08-27,160.4,160.4,152.6,159.0,118089144.0
2013-08-28,156.5,156.5,147.0,154.0,194344304.0
2013-08-29,156.1,167.0,156.1,167.0,267203064.0
2013-08-30,168.0,169.0,160.0,161.0,317745470.0
2013-09-02,165.0,165.0,161.1,162.1,53731806.0
2013-09-03,162.1,162.8,160.0,162.0,82414995.0
2013-09-04,162.0,162.0,158.0,160.9,151865164.0
2013-09-05,159.1,165.0,159.1,164.5,106246687.0
2013-09-06,164.4,165.1,162.0,164.5,63575489.0
2013-09-09,164.5,166.0,164.4,165.0,153459130.0
2013-09-10,167.0,168.9,166.6,167.7,154762899.0
2013-09-11,168.9,170.0,168.6,170.0,235215954.0
2013-09-12,171.0,171.0,165.0,167.5,132842949.0
2013-09-13,167.5,168.5,165.9,168.5,243766351.0
2013-09-16,168.5,172.5,168.0,172.5,170571869.0
2013-09-17,174.0,175.5,174.0,174.4,195738489.0
2013-09-18,175.0,175.0,174.0,174.0,196636495.0
2013-09-19,176.6,179.3,175.0,176.1,213715347.0
2013-09-20,178.0,179.0,164.0,164.0,105429676.0
2013-09-23,170.5,174.2,170.5,172.9,128472466.0
2013-09-24,173.0,174.3,171.2,172.0,77072638.0
2013-09-25,171.6,175.0,171.6,175.0,127649092.0
2013-09-26,170.0,172.0,170.0,170.2,115621608.0
2013-09-27,172.0,173.7,171.0,172.0,195268452.0
2013-09-30,173.8,173.8,168.4,168.5,83166728.0
2013-10-01,167.0,171.0,167.0,168.6,83117193.0
2013-10-02,175.0,178.0,170.3,176.1,205035993.0
2013-10-03,175.0,175.0,172.2,174.0,149906711.0
2013-10-04,175.0,175.2,174.0,174.8,128869773.0
2013-10-07,174.8,176.9,174.8,175.2,68436263.0
2013-10-08,176.0,176.0,173.7,174.0,47237742.0
2013-10-09,174.4,174.4,171.4,172.1,61045389.0
2013-10-10,173.2,175.0,173.0,174.8,15777864.0
2013-10-11,176.5,176.8,173.9,175.0,81599192.0
2013-10-14,172.1,175.0,172.0,172.7,36354205.0
2013-10-16,172.7,176.0,172.5,174.0,93399596.0
2013-10-17,176.1,176.5,175.0,175.5,128462233.0
2013-10-18,176.0,177.5,175.5,176.5,150397870.0
2013-10-21,176.5,178.8,176.5,177.8,45628229.0
2013-10-22,178.0,178.6,177.0,177.5,107715039.0
2013-10-23,178.0,184.0,177.4,181.2,249234272.0
2013-10-24,181.2,182.0,179.0,179.0,90736572.0
2013-10-25,179.0,180.0,176.9,177.0,138007395.0
2013-10-29,177.0,178.0,176.8,177.0,35501544.0
2013-10-30,177.0,180.0,176.7,180.0,38404386.0
2013-10-31,177.0,182.0,176.6,177.4,96731232.0
2013-11-04,178.0,178.0,173.2,175.0,78716648.0
2013-11-05,175.9,178.5,175.9,177.5,94342143.0
2013-11-06,179.0,181.0,177.0,180.0,87540810.0
2013-11-07,180.0,182.0,180.0,180.9,109755807.0
2013-11-08,181.0,181.0,179.0,180.0,108400987.0
2013-11-11,180.5,180.9,176.3,176.6,122906329.0
2013-11-12,177.5,181.9,176.8,181.9,36328571.0
2013-11-13,180.9,181.8,177.8,180.2,159949575.0
2013-11-14,181.1,186.2,181.1,185.0,88691818.0
2013-11-15,183.0,185.0,182.0,182.0,79794185.0
2013-11-18,182.0,184.0,180.9,181.0,89558271.0
2013-11-19,184.0,184.0,180.0,183.8,44223742.0
2013-11-20,183.0,183.0,177.4,180.0,181340859.0
2013-11-21,179.0,180.0,174.0,180.0,70995290.0
2013-11-22,180.0,180.1,177.0,179.4,62927370.0
2013-11-25,176.0,177.0,171.0,171.0,119725181.0
2013-11-26,171.1,180.0,171.1,180.0,154372121.0
2013-11-27,180.0,180.0,173.6,174.0,270815221.0
2013-11-28,174.0,180.7,174.0,180.5,113995336.0
2013-11-29,180.6,180.6,177.1,177.1,77619501.0
2013-12-02,180.0,181.7,178.1,180.0,72377773.0
2013-12-03,177.9,179.9,175.6,175.6,91860993.0
2013-12-04,175.6,177.6,172.2,172.5,133767920.0
2013-12-05,172.5,176.0,172.5,174.0,63263911.0
2013-12-06,174.0,174.0,169.8,170.0,193442473.0
2013-12-09,168.0,170.0,165.4,168.0,184664737.0
2013-12-10,169.0,170.0,165.0,165.0,112424769.0
2013-12-11,166.0,170.9,165.0,170.9,57159055.0
2013-12-12,171.9,171.9,161.0,161.0,86637754.0
2013-12-13,161.1,166.0,160.7,166.0,149271677.0
2013-12-16,166.0,173.0,165.2,173.0,123540682.0
2013-12-17,173.0,179.8,171.0,179.8,123056485.0
2013-12-18,177.0,177.0,172.5,173.4,104624715.0
2013-12-19,174.7,177.0,171.0,171.0,141194360.0
2013-12-20,170.5,174.0,167.0,169.7,71097593.0
2013-12-23,172.0,172.1,168.5,168.5,69699362.0
2013-12-26,172.0,172.0,169.5,170.5,69243813.0
2013-12-27,172.0,173.2,171.0,173.1,112647742.0
2014-01-02,173.2,176.0,173.2,175.9,27692106.0
2014-01-03,176.0,176.0,168.8,172.0,69962710.0
2014-01-06,172.0,175.0,170.1,175.0,30290090.0
2014-01-07,174.5,174.5,170.5,172.0,74237343.0
2014-01-08,172.0,172.0,169.1,169.5,157530801.0
2014-01-09,169.6,169.7,168.4,169.0,90894719.0
2014-01-10,169.0,170.0,165.8,165.8,54087013.0
2014-01-13,166.0,170.0,166.0,167.5,137550213.0
2014-01-14,167.9,167.9,162.4,163.5,80210738.0
2014-01-15,164.5,169.0,163.5,163.5,53052478.0
2014-01-16,168.0,172.0,166.6,166.6,63979838.0
2014-01-17,171.9,171.9,167.0,167.0,14706164.0
2014-01-20,167.1,170.0,166.0,167.0,17597078.0
2014-01-21,167.0,168.0,163.5,168.0,36867397.0
2014-01-22,168.0,170.0,165.5,170.0,42541750.0
2014-01-23,172.0,172.0,165.2,167.0,29079055.0
2014-01-24,168.0,169.0,164.7,164.7,174041622.0
2014-01-27,164.0,164.2,162.4,162.4,105392872.0
2014-01-28,164.0,164.4,157.6,157.6,141895607.0
2014-01-29,159.9,160.0,157.0,157.0,112297933.0
2014-01-30,155.0,155.0,151.5,152.0,185921847.0
2014-02-03,154.0,155.0,152.8,152.8,157933338.0
2014-02-04,152.8,153.0,150.8,151.0,53038328.0
2014-02-05,151.0,152.2,150.9,151.6,112057102.0
2014-02-06,152.6,152.9,151.0,151.0,91441337.0
2014-02-07,152.9,153.0,151.8,152.5,62379442.0
2014-02-10,152.7,154.8,152.3,152.5,102601815.0
2014-02-11,153.0,154.9,152.2,152.9,124020334.0
2014-02-12,153.0,155.0,152.4,152.4,72384378.0
2014-02-13,153.3,154.5,151.6,151.6,67599780.0
2014-02-14,152.0,153.9,152.0,153.0,56729299.0
2014-02-17,155.2,159.1,155.2,157.9,112947382.0
2014-02-18,159.0,163.7,159.0,162.0,136212955.0
2014-02-19,162.8,165.0,160.2,163.0,168227469.0
2014-02-20,164.0,167.0,163.1,167.0,169341069.0
2014-02-21,166.7,167.0,160.5,160.5,143415414.0
2014-02-24,163.0,163.0,159.9,160.7,224830972.0
2014-02-25,161.0,161.0,159.2,159.5,221205021.0
2014-02-26,160.0,160.2,157.5,159.0,306842426.0
2014-02-27,159.6,162.8,159.5,162.6,167237372.0
2014-02-28,163.5,171.0,162.8,171.0,184505208.0
2014-03-03,168.0,168.5,166.8,168.0,56244757.0
2014-03-04,167.9,167.9,164.9,167.0,84424138.0
2014-03-05,168.0,168.0,162.5,162.5,53155640.0
2014-03-06,163.2,166.0,163.2,166.0,88226782.0
2014-03-07,166.0,166.6,165.0,166.6,127553111.0
2014-03-10,166.7,167.8,166.7,167.5,62830950.0
2014-03-11,168.0,168.0,167.4,167.4,95694468.0
2014-03-12,166.2,166.8,166.0,166.1,84755474.0
2014-03-13,168.0,168.0,167.0,168.0,48509751.0
2014-03-14,167.0,167.0,164.0,165.0,82953091.0
2014-03-17,166.0,167.9,166.0,167.4,90418907.0
2014-03-18,167.2,168.5,166.0,168.4,176111441.0
2014-03-19,169.0,169.2,168.3,168.6,70303870.0
2014-03-20,168.2,168.2,166.4,166.7,44733301.0
2014-03-21,166.9,167.5,166.3,166.5,144125583.0
2014-03-24,166.9,169.1,165.4,168.3,121904436.0
2014-03-25,166.9,167.0,165.9,166.7,60312078.0
2014-03-26,166.0,166.5,165.8,166.0,147927927.0
2014-03-27,166.0,167.4,165.0,166.9,54820959.0
2014-03-28,166.8,168.0,164.8,168.0,146395184.0
2014-03-31,168.0,171.4,166.9,171.0,152184647.0
2014-04-01,170.0,172.0,170.0,172.0,78064050.0
2014-04-02,172.0,174.2,171.0,172.1,152000423.0
2014-04-03,173.0,175.0,172.8,175.0,127562815.0
2014-04-04,175.1,175.1,171.0,171.0,65120143.0
2014-04-07,172.7,177.0,171.3,177.0,72276960.0
2014-04-08,174.0,176.0,173.0,176.0,144720279.0
2014-04-10,174.0,177.1,174.0,177.0,92120658.0
2014-04-11,177.0,177.0,176.1,176.8,127077860.0
2014-04-14,176.8,176.9,176.0,176.9,102250874.0
2014-04-15,177.1,177.5,175.6,176.5,95537817.0
2014-04-16,176.5,176.8,175.9,176.4,66211175.0
2014-04-21,176.4,177.2,175.7,175.7,64156972.0
2014-04-22,175.7,176.7,175.7,176.2,98280090.0
2014-04-23,175.6,177.0,175.4,176.0,90348723.0
2014-04-24,176.0,176.2,173.0,173.2,142537064.0
2014-04-25,172.9,172.9,168.5,168.5,125144614.0
2014-04-28,169.0,169.5,168.0,168.3,94767005.0
2014-04-29,169.0,172.0,168.8,171.0,48884099.0
2014-04-30,172.0,172.7,171.0,172.0,67029341.0
2014-05-02,172.4,176.0,172.4,174.8,94510961.0
2014-05-05,174.8,176.3,172.1,176.2,94983474.0
2014-05-06,172.5,175.5,172.5,174.8,7912087.0
2014-05-07,174.6,175.0,173.0,174.9,44692513.0
2014-05-08,174.5,175.0,172.5,172.9,59690471.0
2014-05-09,173.2,175.6,173.2,174.0,129991936.0
2014-05-12,174.0,174.0,173.2,173.5,74764309.0
2014-05-13,173.4,174.3,173.3,173.3,63283743.0
2014-05-14,174.0,176.1,174.0,176.0,172509653.0
2014-05-15,176.0,179.0,176.0,177.9,163921972.0
2014-05-16,177.7,180.0,177.3,180.0,198050885.0
2014-05-19,180.3,186.0,180.3,186.0,380680286.0
2014-05-20,186.2,192.0,186.2,189.6,171030554.0
2014-05-21,188.0,188.0,185.0,185.0,93740775.0
2014-05-22,186.0,188.0,184.5,185.5,136149385.0
2014-05-23,185.0,190.0,185.0,186.4,81672906.0
2014-05-26,186.0,189.0,185.5,187.0,152422755.0
2014-05-27,186.5,186.5,185.5,186.0,42375547.0
2014-05-28,186.0,188.0,185.5,187.0,144704635.0
2014-05-29,187.0,189.0,185.0,185.3,110372409.0
2014-05-30,185.0,185.3,179.1,179.1,397379108.0
2014-06-02,179.2,184.0,179.2,180.4,66117768.0
2014-06-03,180.5,183.6,180.4,183.6,72732170.0
2014-06-04,184.0,185.2,180.2,180.2,36422648.0
2014-06-05,181.7,182.5,179.0,179.3,47900223.0
2014-06-06,184.5,184.7,179.8,180.0,61539875.0
2014-06-09,180.0,180.0,177.8,178.0,135591429.0
2014-06-10,180.1,180.1,178.0,178.0,108847943.0
2014-06-11,179.0,179.0,174.8,176.0,146580605.0
2014-06-13,176.4,176.8,174.8,175.0,102258206.0
2014-06-16,175.5,179.0,175.0,175.0,84230989.0
2014-06-17,176.9,177.0,175.1,176.0,129010941.0
2014-06-18,176.0,176.0,175.0,175.4,86072511.0
2014-06-19,175.4,175.4,173.0,174.4,49693938.0
2014-06-20,174.9,179.0,174.0,176.0,119694661.0
2014-06-23,176.0,178.5,175.5,177.3,51138222.0
2014-06-24,177.3,177.3,175.0,175.8,21024689.0
2014-06-25,174.0,177.0,173.1,174.0,42630150.0
2014-06-26,176.6,178.5,175.0,177.0,65534992.0
2014-06-27,177.0,178.8,174.2,176.0,18375095.0
2014-06-30,176.0,177.7,174.8,176.0,64307231.0
2014-07-01,176.0,180.0,176.0,179.8,52261075.0
2014-07-02,177.3,180.1,177.3,180.1,96249693.0
2014-07-03,180.3,185.0,180.3,184.4,135459200.0
2014-07-04,184.4,185.0,182.0,182.6,225598540.0
2014-07-07,183.0,184.8,183.0,183.9,91908952.0
2014-07-08,183.9,183.9,179.9,180.0,121031008.0
2014-07-09,181.0,181.3,179.5,180.0,36045381.0
2014-07-10,180.2,184.0,179.3,180.0,286509862.0
2014-07-11,179.9,181.0,178.7,181.0,28940045.0
2014-07-14,181.0,181.0,178.0,178.5,52744412.0
2014-07-15,177.0,178.2,174.8,178.2,78800195.0
2014-07-17,178.2,179.2,175.1,178.0,80672803.0
2014-07-18,178.0,178.0,173.0,173.3,90579268.0
2014-07-21,174.0,180.0,174.0,180.0,57980543.0
2014-07-22,179.5,179.9,177.2,179.3,49576503.0
2014-07-23,179.3,180.7,179.3,179.5,80294755.0
2014-07-24,179.6,179.6,176.7,178.5,80025000.0
2014-07-25,178.5,179.1,177.2,178.0,45499889.0
2014-07-28,178.0,178.1,176.1,176.6,90439275.0
2014-07-30,178.0,178.0,175.0,175.0,83226741.0
2014-07-31,176.0,178.0,176.0,176.8,97183165.0
2014-08-01,176.7,176.7,174.9,175.4,103739069.0
2014-08-04,175.8,183.1,175.8,182.7,127927188.0
2014-08-05,182.7,187.0,182.4,187.0,197078978.0
2014-08-06,187.0,187.7,186.0,186.9,225524733.0
2014-08-07,186.7,186.7,185.0,185.8,69163721.0
2014-08-08,185.7,185.7,180.3,182.8,43485571.0
2014-08-11,182.0,182.0,177.0,179.3,173114327.0
2014-08-12,179.3,183.0,179.3,181.8,30258053.0
2014-08-13,182.5,182.5,181.8,182.3,35986456.0
2014-08-14,184.1,185.0,182.3,183.0,24766784.0
2014-08-15,183.0,183.3,180.7,181.3,81957799.0
2014-08-18,181.3,186.9,181.1,186.6,47720438.0
2014-08-19,186.7,189.3,186.7,189.1,74974231.0
2014-08-20,189.0,191.0,188.0,190.4,102631666.0
2014-08-22,191.0,191.0,189.3,191.0,100284078.0
2014-08-26,191.0,192.5,190.4,192.5,95078363.0
2014-08-27,193.0,193.3,189.9,190.0,62654729.0
2014-08-28,190.0,190.0,186.5,188.0,54908275.0
2014-08-29,188.0,188.0,180.0,180.0,280824446.0
2014-09-01,184.8,187.5,184.0,185.3,96326523.0
2014-09-02,187.8,188.8,187.5,188.0,58712065.0
2014-09-03,188.1,192.9,187.9,192.9,376262243.0
2014-09-04,192.5,192.7,190.6,192.0,323603923.0
2014-09-05,192.1,192.8,191.8,192.6,63539519.0
2014-09-08,192.5,192.9,192.0,192.5,298529536.0
2014-09-09,191.0,191.0,187.8,188.5,40912733.0
2014-09-10,188.5,190.0,187.9,188.5,32453842.0
2014-09-11,188.5,192.0,186.1,186.1,80441910.0
2014-09-12,188.0,190.9,187.0,190.1,277892278.0
2014-09-15,190.0,190.2,186.0,186.0,93888875.0
2014-09-16,190.0,190.3,189.0,190.3,88495279.0
2014-09-17,190.3,191.8,189.5,191.8,64109911.0
2014-09-18,191.9,199.8,191.8,199.0,299869373.0
2014-09-22,199.0,199.0,197.3,198.1,101962689.0
2014-09-23,198.1,198.1,192.0,192.0,169104584.0
2014-09-24,194.0,195.8,192.0,194.7,141132827.0
2014-09-25,195.0,195.0,193.2,194.5,97791075.0
2014-09-26,194.5,194.5,190.9,192.4,67796651.0
2014-09-29,192.5,195.5,192.5,193.3,73265182.0
2014-09-30,194.0,196.0,190.6,196.0,155738209.0
2014-10-01,195.8,195.8,191.6,192.5,58152112.0
2014-10-02,190.1,195.4,190.0,190.0,84982107.0
2014-10-03,191.3,196.4,190.7,196.4,89258388.0
2014-10-07,196.4,197.7,195.9,196.4,66490488.0
2014-10-08,196.0,196.1,190.3,191.5,106348385.0
2014-10-09,191.7,193.4,191.4,191.5,30673264.0
2014-10-10,190.9,192.5,190.0,191.0,126296592.0
2014-10-13,189.6,190.0,186.0,186.0,160418837.0
2014-10-14,185.7,189.0,184.4,185.0,214626843.0
2014-10-15,188.9,189.0,185.0,185.1,71008051.0
2014-10-16,185.1,188.0,185.0,185.1,165253039.0
2014-10-17,185.1,187.0,181.0,181.0,92235216.0
2014-10-20,185.0,189.7,185.0,188.2,44012777.0
2014-10-21,189.7,190.4,188.6,188.6,65508848.0
2014-10-22,190.0,192.0,188.8,190.5,73677877.0
2014-10-23,191.8,192.0,190.5,190.7,59284080.0
2014-10-24,191.0,191.5,190.3,190.5,55687880.0
2014-10-27,190.5,190.9,190.3,190.9,66936116.0
2014-10-28,191.1,191.1,190.5,190.7,38790624.0
2014-10-29,190.6,191.9,190.2,191.3,52669946.0
2014-10-30,192.0,194.0,190.5,194.0,90994140.0
2014-10-31,194.0,196.0,193.0,196.0,292583392.0
2014-11-03,196.0,196.0,193.0,194.6,54230274.0
2014-11-04,194.9,195.5,194.5,194.7,79022312.0
2014-11-05,194.7,195.0,194.3,194.7,120732381.0
2014-11-06,195.1,197.6,195.1,196.0,107546561.0
2014-11-07,196.0,197.5,195.0,195.0,53533030.0
2014-11-10,196.0,198.0,196.0,197.0,44626523.0
2014-11-11,197.9,197.9,196.5,196.9,111522511.0
2014-11-12,196.8,196.9,196.0,196.1,26682435.0
2014-11-13,197.2,197.2,196.7,196.9,23004062.0
2014-11-14,196.0,196.5,193.2,194.2,80866613.0
2014-11-17,195.0,197.0,195.0,197.0,30689166.0
2014-11-18,197.2,197.3,196.1,196.3,286433034.0
2014-11-19,197.9,197.9,196.3,197.1,430562628.0
2014-11-20,197.2,198.0,196.5,198.0,81697348.0
2014-11-21,197.8,200.4,197.6,199.6,204706162.0
2014-11-24,202.0,209.6,202.0,207.4,224542792.0
2014-11-25,207.4,210.0,205.0,205.0,210418482.0
2014-11-26,207.4,209.0,206.8,207.6,154166742.0
2014-11-27,207.0,207.6,206.0,206.8,54381668.0
2014-11-28,207.2,209.0,205.8,207.0,129102214.0
2014-12-01,207.0,207.0,204.4,206.0,106925904.0
2014-12-02,206.2,209.0,206.0,208.0,313187838.0
2014-12-03,208.0,208.4,207.4,208.0,118002348.0
2014-12-04,208.4,209.0,207.8,208.4,70206362.0
2014-12-05,208.8,209.0,206.8,208.6,69378158.0
2014-12-09,209.0,209.0,203.0,207.2,55456898.0
2014-12-10,207.4,209.0,205.6,209.0,248497778.0
2014-12-11,205.6,206.4,205.2,206.0,263701444.0
2014-12-12,206.0,209.0,206.0,208.8,100083436.0
2014-12-15,207.4,207.4,203.2,204.0,162581288.0
2014-12-16,203.0,203.8,200.0,200.0,248241134.0
2014-12-17,199.5,203.0,196.9,201.6,584584195.0
2014-12-18,201.8,206.0,198.0,201.0,274452641.0
2014-12-19,202.0,208.0,201.2,208.0,98003482.0
2014-12-22,208.0,210.0,205.0,205.0,87717438.0
2014-12-23,208.2,209.6,205.8,208.0,75711242.0
2014-12-29,208.6,215.0,208.6,215.0,211665212.0
2015-01-05,217.0,220.8,211.0,211.0,123550372.0
2015-01-06,211.0,217.0,208.0,216.0,176436646.0
2015-01-07,216.8,216.8,215.0,216.0,156896984.0
2015-01-08,215.0,216.4,214.0,215.8,193768392.0
2015-01-09,215.8,216.0,209.6,209.6,242554756.0
2015-01-12,209.8,211.8,209.6,210.0,170259240.0
2015-01-13,211.0,214.0,209.6,210.0,133657700.0
2015-01-14,210.0,212.0,210.0,211.0,286622008.0
2015-01-19,212.0,215.4,212.0,214.0,85458844.0
2015-01-20,213.0,214.0,211.2,212.0,142311332.0
2015-01-21,212.0,213.6,209.0,209.8,118197022.0
2015-01-22,211.0,212.0,209.0,210.0,276608722.0
2015-01-23,213.8,214.4,213.0,214.0,337977350.0
2015-01-26,214.0,216.8,213.4,216.0,124378636.0
2015-01-27,215.0,215.6,211.8,212.0,225394542.0
2015-01-28,212.0,218.0,212.0,218.0,247444248.0
2015-01-29,217.0,225.0,216.6,224.0,221211458.0
2015-01-30,226.0,234.0,225.0,232.0,387321240.0
2015-02-02,240.0,241.0,223.8,226.0,252706516.0
2015-02-03,228.0,228.8,224.2,225.0,201767896.0
2015-02-04,227.0,232.0,227.0,229.4,214601458.0
2015-02-05,229.0,229.4,223.0,224.0,241088994.0
2015-02-06,225.0,232.0,225.0,232.0,152613404.0
2015-02-09,233.0,237.0,231.0,235.8,74174264.0
2015-02-10,237.0,237.4,232.4,233.0,115585286.0
2015-02-11,233.0,236.0,233.0,235.2,118557774.0
2015-02-12,236.0,236.0,228.0,230.0,190817738.0
2015-02-13,230.0,230.0,229.0,230.0,195200656.0
2015-02-16,230.0,230.0,229.4,229.8,137364296.0
2015-02-17,228.0,229.6,227.8,229.0,120930476.0
2015-02-18,230.0,230.0,228.6,228.6,40022666.0
2015-02-20,228.6,229.8,226.8,226.8,99399100.0
2015-02-23,227.2,228.0,225.4,226.0,201602832.0
2015-02-24,227.0,227.0,218.8,219.6,536336536.0
2015-02-25,220.4,220.4,215.4,216.8,323606374.0
2015-02-26,216.0,216.0,210.4,210.8,338413288.0
2015-02-27,213.0,219.8,212.2,219.8,498440696.0
2015-03-02,219.8,220.6,215.8,217.0,165725668.0
2015-03-03,218.4,221.0,218.4,219.0,228881720.0
2015-03-04,219.4,220.0,218.6,220.0,122297400.0
2015-03-05,220.0,220.0,218.2,218.6,107146634.0
2015-03-06,219.8,220.2,219.4,219.8,175107610.0
2015-03-09,219.0,219.0,212.2,216.8,160404702.0
2015-03-10,217.0,217.2,215.0,217.0,45563368.0
2015-03-11,215.0,216.8,214.0,214.0,71378490.0
2015-03-12,214.6,214.8,213.4,214.8,72359464.0
2015-03-13,214.0,214.8,210.8,210.8,146112492.0
2015-03-16,210.8,212.4,210.6,211.0,81533122.0
2015-03-17,211.0,215.0,210.8,212.0,163105186.0
2015-03-18,212.0,214.8,212.0,213.0,166737612.0
2015-03-19,214.0,215.0,211.2,212.0,142418152.0
2015-03-20,212.0,214.4,211.2,214.4,330860138.0
2015-03-23,212.0,213.0,211.2,211.6,106860468.0
2015-03-24,212.6,216.0,211.4,216.0,209897784.0
2015-03-25,217.0,217.2,215.4,217.0,112148524.0
2015-03-26,215.0,220.2,215.0,218.2,199350976.0
2015-03-27,219.0,219.6,215.6,217.4,217462292.0
2015-03-30,221.0,223.4,215.0,215.0,224459916.0
2015-03-31,217.0,220.4,217.0,220.0,267080174.0
2015-04-01,220.0,222.8,219.0,222.4,385263476.0
2015-04-06,222.4,222.4,219.2,220.0,65052358.0
2015-04-07,220.0,225.0,220.0,224.0,218357194.0
2015-04-08,224.0,224.0,217.0,217.4,92599600.0
2015-04-10,217.2,217.4,215.6,217.0,248186484.0
2015-04-13,216.0,219.0,214.4,219.0,118935408.0
2015-04-14,217.0,219.8,216.4,216.8,88082004.0
2015-04-15,215.6,215.6,210.0,211.0,204403292.0
2015-04-16,212.0,214.8,211.0,212.4,136103390.0
2015-04-17,214.0,214.8,212.0,213.4,60408872.0
2015-04-20,213.4,213.8,211.0,212.0,113900830.0
2015-04-21,214.2,216.0,211.8,216.0,153321798.0
2015-04-22,215.0,215.2,211.2,211.6,200720868.0
2015-04-23,213.0,215.0,211.2,211.2,158516248.0
2015-04-24,213.0,213.0,210.2,211.0,210971856.0
2015-04-27,211.0,212.2,208.0,208.0,356631794.0
2015-04-28,208.0,208.0,200.4,203.0,776103778.0
2015-04-29,205.0,205.8,201.0,201.0,295308092.0
2015-04-30,202.0,202.8,196.9,199.0,521610666.0
2015-05-04,200.8,207.0,200.8,207.0,256338666.0
2015-05-05,209.0,212.0,208.6,211.0,141591908.0
2015-05-06,210.8,211.0,207.0,209.0,99670172.0
2015-05-07,207.0,210.0,205.4,209.0,310742918.0
2015-05-08,210.0,210.8,209.2,210.0,200152996.0
2015-05-11,210.0,211.8,210.0,211.6,88660196.0
2015-05-12,210.8,212.8,210.2,212.0,126901606.0
2015-05-13,211.4,212.0,211.0,211.4,228871854.0
2015-05-14,211.4,211.6,210.6,211.4,421179504.0
2015-05-15,211.0,212.0,211.0,212.0,321506238.0
2015-05-18,212.0,214.0,211.4,213.0,121562962.0
2015-05-19,212.0,213.0,212.0,212.6,44168510.0
2015-05-20,212.6,212.8,212.0,212.0,57262378.0
2015-05-21,212.2,212.6,211.0,211.0,160347130.0
2015-05-22,212.0,212.2,210.4,211.0,94790458.0
2015-05-25,211.0,213.8,210.0,211.0,300443694.0
2015-05-26,211.2,211.6,208.6,209.0,219046850.0
2015-05-27,208.0,208.4,200.2,201.0,268941930.0
2015-05-28,201.2,205.0,198.9,201.0,166093416.0
2015-05-29,200.8,204.4,200.0,201.0,417454146.0
2015-06-01,201.0,201.2,197.5,200.0,122793648.0
2015-06-02,200.2,202.0,197.7,198.3,199521572.0
2015-06-03,197.0,202.0,197.0,202.0,119842978.0
2015-06-04,198.0,199.2,197.9,198.0,123995088.0
2015-06-05,198.3,201.0,197.8,199.0,132002349.0
2015-06-08,199.0,199.0,195.5,196.0,149088037.0
2015-06-09,196.0,196.0,194.0,195.5,124375287.0
2015-06-10,195.5,196.5,195.1,195.8,79965175.0
2015-06-11,196.0,199.0,195.0,195.5,138801985.0
2015-06-15,196.0,196.9,194.9,195.0,230922840.0
2015-06-16,195.5,197.4,195.0,197.0,98140807.0
2015-06-17,197.1,199.2,195.5,198.4,211384712.0
2015-06-18,199.2,199.5,197.7,198.3,139205315.0
2015-06-19,198.3,198.9,196.7,197.2,106661981.0
2015-06-22,197.5,197.5,195.9,196.0,191266046.0
2015-06-23,196.0,196.0,194.6,194.8,106814968.0
2015-06-24,195.0,200.0,195.0,200.0,79907735.0
2015-06-25,200.0,200.0,197.0,198.0,196066505.0
2015-06-26,199.8,200.0,199.1,200.0,168195535.0
2015-06-29,198.6,199.9,195.0,199.8,65739886.0
2015-06-30,199.3,199.3,196.0,197.3,265770580.0
2015-07-01,197.1,197.1,195.0,195.4,573892829.0
2015-07-02,195.4,197.7,195.4,196.0,194481901.0
2015-07-03,196.0,197.0,195.4,195.7,239058312.0
2015-07-06,195.6,199.0,192.2,192.5,154583823.0
2015-07-07,192.9,194.9,191.4,192.0,83590383.0
2015-07-08,192.0,193.9,188.4,188.6,133266784.0
2015-07-09,188.6,188.6,186.0,187.2,126170626.0
2015-07-10,187.2,193.1,187.1,189.0,130191943.0
2015-07-13,189.0,191.0,188.1,190.0,100653562.0
2015-07-14,192.0,193.0,191.5,192.0,96350663.0
2015-07-15,192.0,193.5,191.9,193.0,226967356.0
2015-07-16,192.8,193.0,191.9,192.6,129059030.0
2015-07-20,192.4,192.4,189.0,189.0,206226316.0
2015-07-21,189.7,192.0,189.5,192.0,81043852.0
2015-07-22,192.0,192.0,187.7,188.1,187463648.0
2015-07-23,188.1,191.9,188.0,190.3,222571921.0
2015-07-24,192.0,192.8,191.0,192.0,164458102.0
2015-07-27,192.0,192.1,188.6,190.0,45824093.0
2015-07-28,190.0,190.0,187.8,189.5,167796090.0
2015-07-29,190.0,190.0,187.7,189.0,124413846.0
2015-07-30,189.0,189.9,188.5,188.7,143497359.0
2015-07-31,189.0,190.0,188.5,190.0,114998261.0
2015-08-03,190.0,195.0,190.0,195.0,126224065.0
2015-08-04,194.0,194.1,191.5,194.1,86345668.0
2015-08-05,194.1,195.9,190.0,192.0,162199353.0
2015-08-06,191.0,191.0,188.1,188.1,123899526.0
2015-08-07,188.1,189.0,187.9,188.3,205217459.0
2015-08-10,189.0,192.2,188.8,192.0,68417023.0
2015-08-11,191.8,191.9,188.8,191.2,58754097.0
2015-08-12,191.2,192.5,187.6,192.2,119047256.0
2015-08-13,192.0,192.0,187.0,188.1,84996351.0
2015-08-14,188.3,190.0,188.3,188.4,33618750.0
2015-08-17,188.4,190.0,188.0,190.0,64828660.0
2015-08-18,190.0,190.0,188.7,190.0,85750432.0
2015-08-19,190.0,190.0,189.0,189.7,85370485.0
2015-08-20,189.7,189.8,182.1,185.9,91474764.0
2015-08-24,183.0,183.0,176.0,180.0,188429802.0
2015-08-25,178.0,183.0,175.5,180.0,90629949.0
2015-08-26,181.0,182.9,180.0,182.2,102616344.0
2015-08-27,182.3,191.4,182.3,191.3,214528613.0
2015-08-28,191.3,193.6,188.0,191.5,172777755.0
2015-09-01,191.5,194.0,187.8,188.1,110886009.0
2015-09-02,186.0,192.3,182.0,192.3,158883059.0
2015-09-03,191.0,191.8,189.0,191.0,66998916.0
2015-09-04,192.0,192.0,188.0,191.3,65201346.0
2015-09-07,189.5,189.5,185.0,185.0,48513441.0
2015-09-08,185.2,188.1,184.1,185.9,89806510.0
2015-09-09,186.2,191.0,184.8,191.0,59115247.0
2015-09-10,188.0,188.4,186.5,187.1,42880103.0
2015-09-11,189.9,189.9,183.1,183.1,29373072.0
2015-09-14,184.0,189.0,184.0,188.2,19687329.0
2015-09-15,188.0,188.8,187.0,187.8,29652143.0
2015-09-16,188.5,190.0,187.0,187.7,28746578.0
2015-09-17,187.6,189.9,186.5,188.0,85295356.0
2015-09-18,190.0,191.0,184.0,184.0,113725720.0
2015-09-21,187.0,190.5,186.0,190.5,63815617.0
2015-09-22,190.5,191.2,189.0,190.9,46788409.0
2015-09-23,190.0,190.0,185.5,189.0,44263066.0
2015-09-24,189.0,189.4,185.5,187.0,193546733.0
2015-09-28,187.0,188.3,186.1,188.0,60681474.0
2015-09-29,188.0,192.0,186.8,191.2,113266783.0
2015-09-30,192.0,192.8,191.7,192.8,172242246.0
2015-10-01,192.8,193.1,192.0,192.0,111016055.0
2015-10-02,192.0,193.1,192.0,192.8,96849350.0
2015-10-05,192.7,199.9,192.7,195.5,139040845.0
2015-10-06,197.5,199.5,196.5,196.7,147739575.0
2015-10-07,197.2,198.0,196.0,198.0,96765370.0
2015-10-08,197.5,197.8,194.5,195.0,147803513.0
2015-10-09,198.0,198.0,195.5,197.4,22792485.0
2015-10-12,197.4,200.0,197.4,200.0,87536176.0
2015-10-13,200.4,206.2,200.0,202.0,282749772.0
2015-10-14,203.0,207.6,203.0,203.0,188487176.0
2015-10-15,202.0,205.0,202.0,204.0,175845478.0
2015-10-16,205.2,206.8,204.6,205.4,146659386.0
2015-10-19,205.4,206.4,204.6,205.0,184976522.0
2015-10-20,206.0,208.0,205.0,206.0,406553566.0
2015-10-21,206.0,209.0,205.4,207.0,99076972.0
2015-10-22,207.0,207.6,206.4,207.0,91934760.0
2015-10-23,207.6,208.8,207.2,207.6,172415484.0
2015-10-26,207.8,208.2,207.0,207.0,105886302.0
2015-10-27,207.0,208.0,205.4,208.0,71710292.0
2015-10-28,207.8,208.2,205.6,208.2,45049760.0
2015-10-29,209.0,209.0,205.6,207.0,152462858.0
2015-10-30,207.0,207.4,206.0,206.0,206095206.0
2015-11-02,206.0,207.4,205.8,207.0,81270274.0
2015-11-03,207.0,209.0,206.6,207.0,208131286.0
2015-11-04,207.0,208.0,206.6,207.0,125067968.0
2015-11-05,206.4,206.8,205.4,205.8,31313484.0
2015-11-06,205.6,208.6,205.0,207.4,117595350.0
2015-11-09,207.4,207.4,205.2,206.8,129921306.0
2015-11-10,206.0,207.2,205.0,205.8,244995846.0
2015-11-11,204.0,204.4,200.0,204.0,260673146.0
2015-11-12,204.0,204.6,203.2,204.0,108060844.0
2015-11-13,203.8,203.8,199.9,200.0,50442342.0
2015-11-16,199.9,199.9,191.0,194.0,83455095.0
2015-11-17,195.0,199.8,194.0,195.5,89686848.0
2015-11-20,196.0,203.8,194.5,200.0,101861178.0
2015-11-23,200.0,203.0,199.4,202.0,49129411.0
2015-11-24,204.0,204.8,203.0,203.0,90898764.0
2015-11-25,206.0,207.0,204.2,206.0,296427506.0
2015-11-26,207.0,207.4,206.0,206.0,379246442.0
2015-11-27,206.8,207.0,200.2,201.0,223589384.0
2015-12-01,201.8,207.4,201.2,207.0,311680798.0
2015-12-02,207.0,207.4,206.0,206.8,191660352.0
2015-12-03,206.8,207.0,203.2,205.4,130805688.0
2015-12-04,205.4,205.8,203.0,205.0,57972374.0
2015-12-07,205.8,207.0,205.8,206.0,95556376.0
2015-12-08,205.0,208.0,204.6,207.2,135936904.0
2015-12-09,207.2,210.6,206.4,210.6,132876000.0
2015-12-10,210.6,210.6,208.8,209.6,868412536.0
2015-12-11,209.6,210.6,208.0,209.0,174117478.0
2015-12-14,209.0,209.0,204.0,206.0,161293678.0
2015-12-15,206.2,207.0,203.2,204.0,103990078.0
2015-12-16,205.0,209.0,204.4,205.0,226142666.0
2015-12-17,209.0,211.8,209.0,211.2,156689492.0
2015-12-18,209.0,210.6,207.0,210.6,98978660.0
2015-12-21,210.6,220.0,210.6,220.0,203744518.0
2015-12-22,216.2,219.0,213.8,219.0,199188902.0
2015-12-23,220.0,222.0,216.8,220.0,189403832.0
2015-12-28,221.8,223.0,221.4,222.0,197024576.0
2015-12-29,222.0,222.4,218.0,219.0,179100988.0
2016-01-04,218.6,218.6,213.4,213.4,42314994.0
2016-01-05,212.0,213.0,209.4,210.0,269331798.0
2016-01-06,210.0,214.0,208.0,214.0,237588206.0
2016-01-07,213.6,213.6,205.0,205.0,105923700.0
2016-01-08,204.0,207.0,200.8,205.0,89890766.0
2016-01-11,205.0,206.0,194.0,194.0,181168111.0
2016-01-12,195.0,202.2,194.2,199.0,65963401.0
2016-01-13,199.0,205.2,199.0,205.0,132273792.0
2016-01-14,203.0,203.0,199.6,201.8,142640469.0
2016-01-15,205.0,205.8,202.2,202.4,73596326.0
2016-01-18,199.6,202.0,198.0,201.0,119051994.0
2016-01-19,201.0,201.4,199.8,201.4,197167992.0
2016-01-20,204.8,205.0,199.6,201.4,105973922.0
2016-01-21,201.0,201.0,195.0,195.0,178244401.0
2016-01-22,196.1,199.3,196.1,198.0,270628777.0
2016-01-25,199.7,201.2,199.5,200.2,254315311.0
2016-01-26,199.2,201.8,197.8,200.4,124238366.0
2016-01-27,201.0,207.0,201.0,206.0,348125410.0
2016-01-28,203.4,206.0,202.8,204.8,238714810.0
2016-01-29,204.8,205.8,204.0,205.2,303328618.0
2016-02-01,207.0,209.8,205.6,207.8,396682302.0
2016-02-02,207.8,208.0,206.8,207.0,164892354.0
2016-02-03,204.0,206.8,201.0,206.4,221593178.0
2016-02-04,206.4,207.8,205.0,207.0,202384698.0
2016-02-05,208.0,217.4,207.2,214.6,324558606.0
2016-02-09,214.0,214.2,211.0,212.2,85689506.0
2016-02-10,211.8,211.8,205.0,210.0,499889622.0
2016-02-11,208.4,213.0,208.0,213.0,60978390.0
2016-02-12,210.6,211.0,208.6,210.4,429704490.0
2016-02-15,210.4,210.4,209.0,209.6,214373532.0
2016-02-16,210.0,210.8,209.0,209.8,148060796.0
2016-02-17,210.0,214.6,210.0,214.2,378006484.0
2016-02-18,214.8,220.0,214.8,220.0,472614322.0
2016-02-19,220.0,220.0,217.6,217.8,406231812.0
2016-02-22,217.4,220.0,217.4,218.8,281746234.0
2016-02-23,218.8,220.0,218.6,220.0,195845092.0
2016-02-24,220.0,220.0,218.8,220.0,176266876.0
2016-02-26,220.0,223.8,219.6,222.0,451968092.0
2016-02-29,222.0,223.4,218.0,219.0,218703386.0
2016-03-01,220.0,222.8,220.0,221.6,381389574.0
2016-03-02,222.0,230.0,222.0,230.0,539980650.0
2016-03-03,229.8,229.8,224.2,228.0,146799050.0
2016-03-04,228.0,228.6,223.8,225.0,248965296.0
2016-03-07,228.0,228.2,223.6,225.0,52954322.0
2016-03-08,225.0,225.0,223.0,225.0,109030046.0
2016-03-09,223.8,228.0,223.4,226.0,370378378.0
2016-03-10,226.2,231.0,226.0,230.0,327467616.0
2016-03-11,227.0,232.0,227.0,230.0,348084968.0
2016-03-14,231.0,235.0,229.4,229.6,146377512.0
2016-03-15,230.0,235.0,229.6,232.8,116505246.0
2016-03-16,233.0,234.0,226.8,230.2,80029012.0
2016-03-17,230.8,232.0,230.4,232.0,284691856.0
2016-03-18,232.0,232.0,231.2,232.0,192627498.0
2016-03-21,232.0,235.0,229.4,230.0,301905246.0
2016-03-22,230.4,233.8,229.4,230.0,231762518.0
2016-03-23,230.2,234.4,229.8,234.4,111156448.0
2016-03-28,234.2,234.2,232.2,234.0,59967326.0
2016-03-29,234.0,234.0,228.0,228.0,66334012.0
2016-03-30,228.0,233.4,228.0,230.0,259909512.0
2016-03-31,230.0,230.6,223.0,227.0,377908102.0
2016-04-01,227.0,229.0,226.4,227.2,54770434.0
2016-04-04,226.0,227.8,225.2,227.0,191503164.0
2016-04-05,227.0,230.0,226.6,230.0,307112056.0
2016-04-06,230.0,230.0,227.0,228.0,111352162.0
2016-04-07,228.4,233.4,228.4,231.0,191871926.0
2016-04-08,231.0,231.0,228.4,230.6,90551716.0
2016-04-11,230.6,232.0,230.2,230.8,107562780.0
2016-04-12,230.8,231.2,230.4,230.8,110832720.0
2016-04-13,232.0,233.0,229.8,230.0,138255002.0
2016-04-14,230.0,230.0,227.6,228.8,126072838.0
2016-04-15,229.0,229.0,227.8,228.2,116402666.0
2016-04-18,227.8,228.0,224.0,224.2,115491658.0
2016-04-19,224.4,225.0,221.4,221.8,187696772.0
2016-04-20,221.8,227.8,221.8,226.0,95155154.0
2016-04-21,226.0,227.0,223.4,226.0,134399640.0
2016-04-22,226.0,228.0,223.4,223.4,106204720.0
2016-04-25,224.0,226.8,223.6,226.8,81800192.0
2016-04-26,226.6,227.8,225.0,226.0,599941894.0
2016-04-27,221.0,226.0,221.0,226.0,561791886.0
2016-04-28,226.0,230.0,226.0,230.0,198314026.0
2016-04-29,229.6,229.6,222.8,229.6,86086634.0
2016-05-02,227.8,230.0,222.0,230.0,97196532.0
2016-05-03,229.0,229.0,225.8,227.0,96904396.0
2016-05-04,227.4,229.4,224.2,229.4,104002962.0
2016-05-05,228.0,228.0,224.8,227.0,132371998.0
2016-05-06,227.0,228.0,224.2,226.8,174007872.0
2016-05-10,225.0,230.0,223.0,230.0,338179822.0
2016-05-11,230.0,235.0,229.0,233.8,444363748.0
2016-05-12,233.0,233.0,229.2,229.8,142186160.0
2016-05-13,230.0,237.8,229.6,234.6,325920538.0
2016-05-16,233.2,242.6,230.0,240.0,331176470.0
2016-05-17,240.0,240.0,235.2,235.6,177608364.0
2016-05-18,237.0,239.0,231.0,235.0,430587578.0
2016-05-19,235.8,235.8,231.2,233.6,186922860.0
2016-05-20,233.6,237.0,233.0,235.0,167079832.0
2016-05-23,236.0,238.0,235.8,236.0,100941502.0
2016-05-24,235.8,237.4,235.6,236.2,107909596.0
2016-05-25,237.2,237.2,235.4,236.0,160366822.0
2016-05-26,236.0,236.0,230.0,233.6,148698324.0
2016-05-27,235.0,237.8,234.6,236.6,85721654.0
2016-05-30,237.0,238.2,236.8,237.6,58286644.0
2016-05-31,237.6,237.8,235.4,235.4,664608892.0
2016-06-01,235.2,236.0,234.4,235.0,120867040.0
2016-06-02,235.6,236.0,230.0,230.0,176959542.0
2016-06-03,234.0,235.0,229.8,230.0,211155450.0
2016-06-06,231.0,233.4,231.0,233.0,155413066.0
2016-06-07,235.0,239.6,233.2,239.0,186433354.0
2016-06-08,239.0,239.8,237.0,237.0,120445420.0
2016-06-09,237.0,237.0,233.0,233.0,107785672.0
2016-06-10,235.0,238.0,230.0,230.0,97797562.0
2016-06-13,231.0,232.0,229.2,231.0,100824906.0
2016-06-14,231.0,234.0,230.0,231.0,91333474.0
2016-06-15,231.2,233.0,230.0,230.0,65680380.0
2016-06-16,231.2,235.0,231.2,234.0,88963310.0
2016-06-17,235.0,239.4,235.0,239.0,154499808.0
2016-06-20,238.8,239.0,235.0,238.0,110620506.0
2016-06-21,239.0,239.4,230.0,230.0,188404138.0
2016-06-22,237.0,237.0,233.8,234.6,165446124.0
2016-06-23,231.6,234.6,231.6,232.2,102502074.0
2016-06-24,235.8,235.8,231.8,235.0,176301840.0
2016-06-27,231.2,235.2,231.2,233.2,135328818.0
2016-06-28,234.0,235.2,233.6,235.0,143668008.0
2016-06-29,235.0,236.6,234.6,235.8,271419480.0
2016-06-30,235.8,249.4,235.8,242.0,596648868.0
2016-07-01,243.0,245.4,243.0,245.2,242759384.0
2016-07-04,245.0,245.0,243.0,244.0,205705700.0
2016-07-05,244.0,245.8,243.8,244.8,153943074.0
2016-07-07,244.8,247.0,244.0,244.8,219323032.0
2016-07-08,244.4,245.0,244.0,244.8,113231638.0
2016-07-11,247.8,252.0,245.8,250.0,240470272.0
2016-07-12,250.0,253.0,249.4,250.0,292462126.0
2016-07-13,250.4,251.0,247.0,249.8,231712804.0
2016-07-14,249.8,250.0,249.4,250.0,145020326.0
2016-07-15,250.0,250.0,249.6,250.0,178555888.0
2016-07-18,250.0,250.0,245.0,246.0,191820008.0
2016-07-19,247.0,249.8,247.0,248.0,179263422.0
2016-07-20,249.0,250.6,249.0,250.4,182596968.0
2016-07-21,250.2,252.2,249.6,252.2,191161506.0
2016-07-22,252.8,257.8,252.8,255.0,191589828.0
2016-07-25,255.0,259.6,252.8,252.8,128803048.0
2016-07-26,253.0,257.8,250.2,250.2,194735866.0
2016-07-27,250.2,259.0,250.2,258.0,317562088.0
2016-07-28,258.0,258.0,255.8,258.0,208768722.0
2016-07-29,258.0,258.6,255.0,255.0,107556342.0
2016-08-01,258.0,259.8,251.0,251.0,160458280.0
2016-08-02,251.0,254.4,251.0,254.0,134016758.0
2016-08-03,254.2,254.6,251.8,253.8,96494980.0
2016-08-04,255.0,260.0,253.0,260.0,156732316.0
2016-08-05,260.0,260.0,254.8,255.0,115091068.0
2016-08-08,255.0,256.4,254.4,255.0,72248698.0
2016-08-09,256.0,259.0,255.0,257.0,122236776.0
2016-08-10,257.0,257.8,251.2,252.2,109358176.0
2016-08-11,252.6,254.6,252.2,253.0,162873226.0
2016-08-12,253.0,253.2,252.8,253.0,156681464.0
2016-08-15,253.0,253.0,251.8,253.0,98687970.0
2016-08-16,253.0,253.2,252.2,253.0,130685078.0
2016-08-17,253.0,253.0,251.2,251.2,95870376.0
2016-08-18,251.2,252.8,250.4,252.8,69820336.0
2016-08-19,253.0,253.0,252.0,252.6,82818400.0
2016-08-22,253.0,253.0,250.6,253.0,77839340.0
2016-08-23,252.8,253.0,251.8,253.0,168659508.0
2016-08-24,253.0,253.0,249.0,250.0,126620442.0
2016-08-25,252.0,254.0,251.0,251.0,139420382.0
2016-08-26,251.0,253.0,251.0,253.0,77339568.0
2016-08-30,251.2,252.8,248.0,249.8,195837894.0
2016-08-31,249.8,250.2,245.0,245.0,266112830.0
2016-09-01,245.0,253.0,240.6,253.0,84874402.0
2016-09-02,252.4,252.4,249.0,250.0,161228798.0
2016-09-05,250.0,250.0,244.6,244.6,42429680.0
2016-09-06,244.8,248.0,244.8,246.0,183146376.0
2016-09-07,246.0,248.0,240.6,247.0,120187166.0
2016-09-08,247.0,249.2,243.0,247.2,150751412.0
2016-09-09,247.0,247.0,236.0,236.0,282648544.0
2016-09-13,236.4,247.8,236.4,246.0,140304568.0
2016-09-14,246.0,246.0,241.2,243.0,76221952.0
2016-09-15,243.0,250.0,241.2,250.0,173708272.0
2016-09-16,249.6,249.8,241.2,245.2,122520074.0
2016-09-19,245.2,249.0,244.6,248.6,45469856.0
2016-09-20,248.0,249.8,245.2,248.6,85227296.0
2016-09-21,249.0,249.4,246.0,248.0,62777128.0
2016-09-22,248.0,250.0,247.8,249.4,65489470.0
2016-09-23,246.2,249.4,245.4,247.8,105799420.0
2016-09-26,247.8,249.8,247.4,249.8,130768864.0
2016-09-27,250.0,250.0,246.0,248.6,98301748.0
2016-09-28,247.0,247.0,243.0,245.0,82714290.0
2016-09-29,248.2,248.2,245.0,248.2,66895010.0
2016-09-30,248.0,249.8,246.6,247.0,155771458.0
2016-10-03,247.4,249.6,247.0,248.8,56957438.0
2016-10-04,248.8,253.0,248.6,251.4,223248400.0
2016-10-05,248.0,249.8,247.0,249.8,79366678.0
2016-10-06,250.0,253.0,250.0,251.0,89548250.0
2016-10-07,251.0,252.0,245.0,245.8,173506910.0
2016-10-10,247.2,248.0,246.0,246.4,45243890.0
2016-10-11,244.0,244.4,241.8,244.0,94877092.0
2016-10-12,241.6,245.0,240.0,241.0,140183042.0
2016-10-13,241.0,245.0,240.2,241.0,97736572.0
2016-10-14,241.0,244.0,241.0,241.0,115626564.0
2016-10-17,241.0,244.6,236.6,236.6,73166744.0
2016-10-18,244.0,247.2,242.2,246.0,127237008.0
2016-10-19,246.0,252.0,245.8,250.4,102756362.0
2016-10-20,250.0,250.0,241.8,248.2,89474428.0
2016-10-21,248.2,252.0,246.0,247.0,44359872.0
2016-10-24,248.0,252.0,247.0,250.8,122141084.0
2016-10-25,248.0,250.0,246.0,246.0,86529976.0
2016-10-26,246.2,247.0,244.2,247.0,118046448.0
2016-10-27,246.0,247.0,243.0,243.0,106691854.0
2016-10-28,243.0,245.0,236.8,238.0,184570530.0
2016-11-02,238.2,240.0,236.0,236.0,148258270.0
2016-11-03,236.0,237.0,232.2,232.2,186786836.0
2016-11-04,232.8,236.0,232.2,235.0,125114746.0
2016-11-07,235.0,235.6,230.0,230.4,169150788.0
2016-11-08,233.0,244.8,232.6,241.0,202509626.0
2016-11-09,242.0,244.0,231.0,232.0,140079806.0
2016-11-10,240.0,240.0,236.2,239.8,70376726.0
2016-11-11,233.0,238.0,230.8,231.0,191503778.0
2016-11-14,235.0,235.4,230.4,231.0,132415780.0
2016-11-15,231.0,231.0,208.0,208.0,564040832.0
2016-11-16,210.4,218.0,209.2,209.4,334114614.0
2016-11-17,213.0,218.0,211.0,211.8,254599812.0
2016-11-18,214.0,215.0,209.0,209.0,364242012.0
2016-11-21,210.0,215.4,210.0,212.0,99428176.0
2016-11-22,213.8,216.0,210.2,216.0,164176988.0
2016-11-23,216.0,216.0,208.6,210.0,130334236.0
2016-11-24,210.0,215.0,210.0,212.4,73601644.0
2016-11-25,214.0,217.0,212.4,217.0,66912824.0
2016-11-28,217.0,217.0,210.0,210.0,106937864.0
2016-11-29,209.4,215.8,209.0,215.8,298407344.0
2016-12-01,217.0,219.0,212.0,212.0,179944596.0
2016-12-02,215.0,219.0,212.2,219.0,100459940.0
2016-12-05,218.6,218.6,212.8,212.8,34098810.0
2016-12-06,212.8,216.8,206.4,208.0,326991172.0
2016-12-07,209.2,211.0,208.0,210.0,109925142.0
2016-12-08,213.8,217.0,210.0,217.0,131714246.0
2016-12-09,216.0,217.4,215.8,217.0,112174500.0
2016-12-12,217.0,217.0,210.8,211.4,116040914.0
2016-12-13,211.4,215.2,210.2,215.0,127648790.0
2016-12-14,212.4,214.8,210.0,210.0,124568058.0
2016-12-15,210.0,212.4,206.0,206.0,122573260.0
2016-12-16,207.0,209.0,205.0,205.0,130591988.0
2016-12-19,205.0,205.8,193.2,195.0,248461913.0
2016-12-20,195.1,197.9,193.0,195.0,116823410.0
2016-12-21,194.0,198.0,190.0,190.0,184500682.0
2016-12-22,190.0,192.0,184.6,185.5,271313443.0
2016-12-23,186.0,190.9,185.0,190.6,137002881.0
2016-12-27,191.5,196.0,191.0,193.7,34246180.0
2016-12-28,195.0,200.0,194.0,200.0,88650559.0
2016-12-29,199.3,200.4,194.0,194.0,121486452.0
2017-01-03,194.6,200.0,193.8,200.0,96799711.0
2017-01-04,200.0,206.0,198.0,206.0,151215205.0
2017-01-05,206.0,219.4,206.0,214.0,239830966.0
2017-01-06,214.2,215.2,210.2,213.0,135313094.0
2017-01-09,214.0,215.4,213.4,215.0,172689410.0
2017-01-10,215.0,220.0,214.6,219.0,239302778.0
2017-01-11,220.0,220.0,217.6,219.6,165657360.0
2017-01-12,219.6,219.8,214.0,214.0,99870974.0
2017-01-13,214.0,215.6,211.0,212.0,75468042.0
2017-01-16,212.0,215.0,209.0,209.0,87419880.0
2017-01-17,212.0,212.2,205.8,205.8,102713770.0
2017-01-18,206.0,208.0,202.2,203.0,88770418.0
2017-01-19,204.8,207.0,204.0,205.0,69050916.0
2017-01-20,206.2,208.0,203.0,203.0,111053552.0
2017-01-23,206.0,208.0,204.0,207.0,59380822.0
2017-01-24,208.4,208.6,205.8,206.0,85628444.0
2017-01-25,209.8,209.8,207.0,207.2,85954292.0
2017-01-26,208.0,210.0,206.6,207.0,383041600.0
2017-01-27,207.0,208.8,207.0,208.0,145310824.0
2017-01-30,209.0,209.0,208.0,209.0,35972058.0
2017-01-31,209.4,209.8,205.6,205.6,101024588.0
2017-02-01,209.0,209.0,205.6,207.0,70358916.0
2017-02-02,208.0,208.0,205.8,206.4,180737220.0
2017-02-03,206.4,207.2,202.6,206.0,73420862.0
2017-02-06,206.6,208.2,206.4,208.0,71937870.0
2017-02-07,208.0,208.0,205.2,206.6,41898082.0
2017-02-08,207.4,207.4,206.0,206.0,62896008.0
2017-02-09,207.4,207.4,205.2,206.0,98225950.0
2017-02-10,206.0,207.0,205.0,206.0,78476072.0
2017-02-13,206.0,207.2,205.8,207.0,119928052.0
2017-02-14,206.0,207.0,205.8,206.0,140305286.0
2017-02-15,209.0,209.8,201.4,201.4,202206304.0
2017-02-16,202.2,207.0,201.8,206.0,335424608.0
2017-02-17,206.2,207.0,203.0,205.0,40796436.0
2017-02-20,205.0,206.0,204.0,205.0,23704922.0
2017-02-21,205.0,207.0,204.2,206.0,102727758.0
2017-02-22,206.0,206.0,201.8,201.8,179303026.0
2017-02-23,202.2,204.4,202.0,203.0,111666436.0
2017-02-24,203.0,204.8,201.8,201.8,99749798.0
2017-02-27,202.0,204.2,202.0,203.0,104156932.0
2017-02-28,202.8,204.0,201.8,201.8,129655596.0
2017-03-01,202.0,204.0,201.6,202.8,60083324.0
2017-03-02,203.2,204.2,203.0,203.4,111899792.0
2017-03-03,203.4,203.4,200.0,201.0,94861258.0
2017-03-06,201.0,201.6,197.2,198.0,142400720.0
2017-03-07,198.0,198.5,194.8,194.9,396729421.0
2017-03-08,195.2,195.2,193.7,193.8,344777307.0
2017-03-09,194.0,198.0,194.0,197.1,164797231.0
2017-03-10,197.1,199.0,194.0,194.0,117399793.0
2017-03-13,195.0,198.1,195.0,196.8,78679101.0
2017-03-14,197.6,198.0,196.4,197.0,64227028.0
2017-03-15,197.0,197.4,195.0,196.0,27747934.0
2017-03-16,196.3,199.0,195.0,196.0,76417969.0
2017-03-17,197.0,197.0,191.5,193.2,242557391.0
2017-03-20,193.2,195.0,192.8,192.8,67068351.0
2017-03-21,191.1,195.0,191.1,194.0,73880144.0
2017-03-22,193.9,193.9,191.0,191.0,90403532.0
2017-03-23,193.9,194.0,190.1,190.2,130935074.0
2017-03-24,191.9,191.9,187.4,188.0,134702264.0
2017-03-27,189.0,190.0,182.1,182.1,351892527.0
2017-03-28,184.0,185.5,182.5,182.5,120292819.0
2017-03-29,183.1,189.0,183.1,188.0,230277788.0
2017-03-30,189.0,194.7,189.0,194.5,202516890.0
2017-03-31,191.1,197.9,191.1,197.5,249460453.0
2017-04-03,197.5,197.8,196.0,197.0,161816813.0
2017-04-04,197.0,199.9,197.0,198.0,193724924.0
2017-04-05,198.5,199.9,198.1,198.2,228326071.0
2017-04-06,198.2,200.0,198.2,200.0,124474340.0
2017-04-07,200.0,210.4,200.0,210.4,293384164.0
2017-04-10,210.0,210.0,207.0,208.6,128358898.0
2017-04-11,208.6,209.0,206.0,207.6,125120676.0
2017-04-12,207.6,209.8,207.4,208.8,120426446.0
2017-04-17,209.0,212.0,207.8,209.0,159559800.0
2017-04-18,209.0,209.8,205.0,207.0,99724750.0
2017-04-19,205.0,206.2,203.2,203.4,98115502.0
2017-04-20,204.0,205.0,201.6,205.0,88677414.0
2017-04-21,205.4,209.0,205.4,208.0,171155896.0
2017-04-24,208.0,210.6,207.0,210.4,177369088.0
2017-04-25,210.6,215.0,210.6,214.0,163196138.0
2017-04-26,214.0,215.0,212.0,214.0,132357742.0
2017-04-27,214.0,214.0,210.0,210.0,101337870.0
2017-05-02,213.4,216.0,213.0,215.8,205623116.0
2017-05-03,215.8,216.0,213.2,213.2,224455508.0
2017-05-04,213.8,213.8,212.6,213.4,226567612.0
2017-05-05,213.4,217.2,213.2,216.0,205724202.0
2017-05-08,216.0,219.8,216.0,218.6,139526396.0
2017-05-09,218.8,222.8,218.8,219.0,137206564.0
2017-05-10,219.0,220.0,211.0,211.0,244346302.0
2017-05-11,212.0,214.0,211.4,213.0,150912646.0
2017-05-12,213.0,213.0,210.2,212.0,105019008.0
2017-05-15,212.0,213.0,206.0,206.0,317130382.0
2017-05-16,205.6,208.0,203.2,205.0,201222986.0
2017-05-17,205.4,209.0,205.0,205.0,270159200.0
2017-05-18,200.0,203.8,198.1,200.0,324182222.0
2017-05-19,201.0,204.8,200.4,203.0,119346152.0
2017-05-22,203.0,206.8,201.4,202.2,78659114.0
2017-05-23,204.0,204.4,201.0,201.0,81689868.0
2017-05-24,201.0,206.8,201.0,206.2,59706086.0
2017-05-25,206.2,208.0,203.0,207.0,59945806.0
2017-05-26,207.0,207.0,201.4,201.4,142218784.0
2017-05-29,201.6,203.0,201.4,203.0,83443422.0
2017-05-30,203.6,205.0,201.4,203.8,59433930.0
2017-05-31,203.8,205.0,202.4,204.6,396969920.0
2017-06-01,204.6,219.6,204.6,216.0,378449284.0
2017-06-02,215.6,216.8,214.0,214.0,161172958.0
2017-06-05,214.0,216.8,214.0,216.0,189971252.0
2017-06-06,216.0,216.6,214.4,214.8,79343502.0
2017-06-07,214.8,218.0,214.8,216.6,125097902.0
2017-06-08,216.8,219.6,215.0,215.8,151265124.0
2017-06-09,217.0,218.8,214.8,215.8,169074920.0
2017-06-13,215.8,215.8,212.6,214.2,96862862.0
2017-06-14,214.2,215.4,211.6,215.4,82550674.0
2017-06-15,215.0,216.0,215.0,215.2,51337256.0
2017-06-16,215.2,217.0,212.8,217.0,179135880.0
2017-06-19,217.0,217.0,214.8,216.0,105020504.0
2017-06-20,216.0,216.0,213.6,215.0,91368072.0
2017-06-21,215.0,215.8,214.0,215.4,145927558.0
2017-06-22,215.4,215.4,211.0,212.8,85240900.0
2017-06-23,212.8,212.8,211.0,211.0,119364392.0
2017-06-27,212.0,212.0,209.0,210.0,95892014.0
2017-06-28,210.0,211.2,208.6,208.6,111059308.0
2017-06-29,209.0,210.0,205.4,205.4,98471140.0
2017-06-30,205.4,205.4,202.4,204.0,155928130.0
2017-07-03,204.0,207.0,203.0,206.2,132218194.0
2017-07-04,207.0,208.8,207.0,208.0,139654922.0
2017-07-05,208.0,208.2,207.0,208.0,37450966.0
2017-07-06,207.8,209.4,206.6,207.2,203294808.0
2017-07-07,207.8,208.2,206.6,208.0,57864556.0
2017-07-10,208.0,208.2,206.0,208.0,55170482.0
2017-07-11,207.8,208.6,207.0,208.0,25077534.0
2017-07-12,208.0,212.2,207.6,212.0,65009052.0
2017-07-13,213.0,215.8,213.0,214.6,174865786.0
2017-07-14,214.6,215.6,213.4,215.0,97700416.0
2017-07-17,215.2,215.8,215.0,215.2,140607874.0
2017-07-18,215.4,217.0,215.4,217.0,111796312.0
2017-07-19,217.0,221.4,216.4,220.4,317327344.0
2017-07-20,220.4,223.4,218.0,220.0,220925338.0
2017-07-21,220.0,221.8,215.0,221.8,76592708.0
2017-07-24,221.8,221.8,218.0,219.2,30160060.0
2017-07-25,219.0,219.0,216.2,217.8,58057226.0
2017-07-26,217.8,219.0,215.0,216.8,103161584.0
2017-07-27,216.8,221.0,216.6,219.0,94135510.0
2017-07-28,218.0,222.0,217.0,222.0,198226650.0
2017-07-31,221.8,227.6,217.6,225.0,185802842.0
2017-08-01,225.0,225.0,220.0,223.0,77046680.0
2017-08-02,223.0,224.8,218.0,218.0,125835618.0
2017-08-03,219.0,220.0,216.0,216.0,118769916.0
2017-08-04,215.8,218.0,214.6,215.2,176347344.0
2017-08-07,216.0,219.6,216.0,219.0,100516382.0
2017-08-08,219.4,220.0,218.2,219.0,111357796.0
2017-08-09,219.0,219.0,215.8,217.0,127930206.0
2017-08-10,217.0,219.8,216.4,217.0,175699532.0
2017-08-11,217.0,217.2,213.0,216.4,259456752.0
2017-08-14,216.0,222.4,215.0,222.0,382020148.0
2017-08-15,222.0,226.0,221.8,225.0,152874630.0
2017-08-16,225.4,245.0,225.0,239.0,545621748.0
2017-08-17,238.0,239.8,236.0,238.2,252464130.0
2017-08-18,237.2,237.2,234.0,235.2,159758746.0
2017-08-22,235.2,240.0,235.0,240.0,333700430.0
2017-08-23,240.0,242.0,238.0,239.2,172281810.0
2017-08-24,239.4,240.4,238.0,240.0,69861114.0
2017-08-25,239.8,241.0,238.4,239.0,154096544.0
2017-08-29,240.0,240.4,237.8,238.8,244929668.0
2017-08-30,238.6,239.2,237.8,238.8,156080354.0
2017-08-31,238.0,238.8,236.2,238.2,119470200.0
2017-09-04,238.2,238.4,236.0,238.0,160175528.0
2017-09-05,238.0,244.0,238.0,244.0,251021932.0
2017-09-06,243.0,243.0,240.0,241.0,144666306.0
2017-09-07,243.0,245.6,240.8,245.6,176459082.0
2017-09-08,245.8,251.4,244.0,244.0,129372536.0
2017-09-11,244.0,244.4,242.2,244.0,150200198.0
2017-09-13,240.0,244.2,240.0,242.0,186877812.0
2017-09-14,242.0,249.6,241.6,245.0,156320492.0
2017-09-15,245.0,245.0,242.6,243.0,303032634.0
2017-09-18,243.0,245.0,242.4,245.0,135179576.0
2017-09-19,246.4,251.4,240.8,244.0,349268796.0
2017-09-20,244.0,244.8,241.4,242.0,333053598.0
2017-09-21,242.6,248.0,242.0,246.0,96081036.0
2017-09-22,246.0,246.0,243.2,244.8,82311470.0
2017-09-25,244.8,245.0,242.0,245.0,48341746.0
2017-09-26,245.0,249.8,240.0,249.8,103729262.0
2017-09-27,249.0,249.0,242.2,248.8,217391980.0
2017-09-28,248.0,248.0,242.0,242.0,222782154.0
2017-09-29,243.0,245.0,242.0,243.8,178283878.0
2017-10-02,244.0,244.8,241.6,242.6,201611660.0
2017-10-03,242.6,243.6,241.0,242.0,188240112.0
2017-10-04,242.6,242.8,241.6,242.4,129175204.0
2017-10-05,242.8,242.8,241.6,241.8,234216252.0
2017-10-06,241.8,243.6,241.8,242.2,182051948.0
2017-10-09,242.2,245.8,242.0,245.8,50545794.0
2017-10-10,244.0,245.0,242.0,245.0,30315996.0
2017-10-11,245.0,246.6,243.2,244.0,76459198.0
2017-10-12,244.6,247.0,243.6,244.6,138366132.0
2017-10-13,244.8,248.2,244.8,247.0,212076084.0
2017-10-17,246.0,249.2,244.6,245.0,299144934.0
2017-10-18,245.2,246.0,242.0,246.0,141815784.0
2017-10-19,245.4,250.0,244.6,247.0,270241412.0
2017-10-20,247.0,248.0,245.0,246.0,67405538.0
2017-10-23,246.0,251.0,245.6,249.0,240820416.0
2017-10-24,249.0,252.4,246.6,248.0,204835422.0
2017-10-25,248.6,250.8,248.2,250.0,208250870.0
2017-10-26,250.2,252.0,248.6,250.0,184366650.0
2017-10-27,250.0,250.0,248.6,249.8,114554092.0
2017-10-30,250.0,251.2,248.4,249.0,75290518.0
2017-11-02,248.4,251.4,248.2,251.4,184924746.0
2017-11-03,251.4,254.4,248.2,248.2,198642294.0
2017-11-06,248.2,251.0,248.2,251.0,42923950.0
2017-11-07,251.6,254.0,250.6,253.4,199219888.0
2017-11-08,253.2,253.2,251.4,252.0,260390162.0
2017-11-09,252.0,253.0,251.6,253.0,310708150.0
2017-11-10,254.0,254.0,249.6,251.2,121909688.0
2017-11-13,253.0,258.6,253.0,257.0,248767998.0
2017-11-14,257.0,259.6,255.8,259.6,168815040.0
2017-11-15,258.8,258.8,255.8,255.8,159425424.0
2017-11-16,256.0,260.0,255.8,258.8,414896470.0
2017-11-17,260.0,260.0,257.4,259.8,190297856.0
2017-11-20,260.0,260.0,257.0,257.0,207115268.0
2017-11-21,256.2,256.2,251.0,254.0,264966984.0
2017-11-22,254.0,259.0,253.4,255.0,174182628.0
2017-11-23,254.6,255.0,253.0,254.0,75006436.0
2017-11-24,253.2,258.4,252.8,258.4,144713772.0
2017-11-27,258.2,258.2,253.6,254.0,140155496.0
2017-11-28,254.0,254.0,250.0,252.0,180239472.0
2017-11-29,252.4,252.6,243.6,243.6,1095576478.0
2017-12-01,244.0,246.6,243.6,245.4,254718036.0
2017-12-04,245.4,245.4,240.2,241.4,141267932.0
2017-12-05,241.4,244.6,241.4,243.8,108944560.0
2017-12-06,243.2,247.6,242.0,243.0,106245642.0
2017-12-07,243.0,248.0,243.0,246.8,78891494.0
2017-12-08,247.0,249.0,245.0,248.8,83385206.0
2017-12-11,247.2,249.0,246.8,249.0,159047600.0
2017-12-12,249.4,250.0,248.4,249.4,442571746.0
2017-12-13,250.0,250.0,247.0,247.0,135253332.0
2017-12-14,248.0,248.0,243.6,244.0,332196616.0
2017-12-15,245.2,246.2,244.2,246.0,395680022.0
2017-12-18,246.0,250.2,246.0,249.4,72886602.0
2017-12-19,249.2,250.0,244.2,244.6,232977644.0
2017-12-20,246.4,248.8,243.8,243.8,181744272.0
2017-12-21,245.0,248.2,244.4,247.8,81286030.0
2017-12-22,247.8,248.0,244.8,247.0,126598772.0
2017-12-27,247.0,248.8,246.0,248.8,79119640.0
2017-12-28,248.8,257.0,248.8,254.0,221813808.0
2017-12-29,255.0,257.4,253.0,253.0,144728120.0
2018-01-03,253.4,256.8,253.0,255.4,190253754.0
2018-01-04,255.4,255.4,253.0,255.0,157152856.0
2018-01-05,255.6,257.4,255.0,255.0,242201952.0
2018-01-08,257.4,259.0,253.4,256.0,216069242.0
2018-01-09,256.0,258.0,255.0,255.8,250188588.0
2018-01-10,256.2,256.6,255.0,255.4,114405846.0
2018-01-11,255.4,256.0,253.8,255.0,173818308.0
2018-01-12,257.8,258.0,255.0,255.0,336474914.0
2018-01-15,257.0,264.2,255.0,263.8,327980076.0
2018-01-16,263.8,278.0,263.8,277.6,494300384.0
2018-01-17,277.4,279.4,276.6,277.6,466839014.0
2018-01-18,277.0,279.0,271.4,279.0,411238562.0
2018-01-19,278.0,280.0,275.2,280.0,155387768.0
2018-01-22,280.0,286.8,279.6,283.0,282607838.0
2018-01-23,282.6,283.0,279.8,282.2,331227704.0
2018-01-24,282.0,288.8,281.4,282.0,203090764.0
2018-01-25,282.0,293.0,282.0,293.0,143135990.0
2018-01-26,290.4,293.0,290.0,292.2,109459678.0
2018-01-29,292.0,295.0,285.4,285.4,155582990.0
2018-01-30,285.4,285.4,281.0,284.2,318153214.0
2018-01-31,284.2,285.0,282.0,284.8,258922120.0
2018-02-01,284.8,289.0,284.6,287.2,147365562.0
2018-02-02,287.2,294.0,285.0,294.0,275351026.0
2018-02-05,290.0,290.0,282.0,282.0,211043346.0
2018-02-06,274.4,289.0,267.0,289.0,288698696.0
2018-02-07,290.0,294.6,288.0,293.2,170664024.0
2018-02-08,294.0,294.0,288.0,292.8,253249822.0
2018-02-09,289.8,292.0,284.2,292.0,119525202.0
2018-02-12,289.0,291.8,282.2,283.0,210277632.0
2018-02-13,283.0,284.0,275.6,277.0,213100904.0
2018-02-14,281.6,283.0,275.0,278.0,414579614.0
2018-02-15,281.8,289.8,280.0,285.0,147488304.0
2018-02-19,283.8,291.0,283.8,285.0,142298424.0
2018-02-20,289.6,289.8,283.8,286.0,113689772.0
2018-02-21,285.6,286.0,282.0,282.0,125695768.0
2018-02-22,283.4,289.2,280.0,282.0,169788234.0
2018-02-23,285.0,289.4,281.4,282.0,363248974.0
2018-02-26,282.0,292.8,281.6,292.0,243019256.0
2018-02-27,292.0,297.2,289.2,295.0,239980464.0
2018-02-28,295.0,298.8,289.0,298.4,313188434.0
2018-03-01,297.6,300.0,295.8,297.6,197877030.0
2018-03-02,297.6,298.4,295.0,298.0,218598742.0
2018-03-05,299.0,300.0,296.0,299.6,116216658.0
2018-03-06,300.0,304.0,297.8,298.6,249933088.0
2018-03-07,300.0,304.0,299.8,304.0,258097130.0
2018-03-08,303.0,304.0,295.0,295.0,110192940.0
2018-03-09,297.0,297.0,292.0,292.0,103686130.0
2018-03-12,296.0,299.0,292.2,295.4,89761650.0
2018-03-13,296.0,297.0,292.4,293.0,163660104.0
2018-03-14,293.0,294.4,287.4,288.4,219406404.0
2018-03-15,288.4,288.6,282.6,284.0,324615520.0
2018-03-16,286.8,305.4,286.8,305.4,616862708.0
2018-03-19,299.6,299.6,295.2,298.0,157765092.0
2018-03-20,296.8,296.8,285.0,286.0,296339222.0
2018-03-21,286.6,293.0,285.0,285.0,273094060.0
2018-03-22,285.4,288.0,282.4,286.8,164489332.0
2018-03-23,285.0,288.0,280.0,288.0,244736736.0
2018-03-26,286.6,295.0,282.0,295.0,116911380.0
2018-03-27,295.0,297.0,289.4,294.4,104593790.0
2018-03-28,295.0,299.0,292.0,299.0,225666442.0
2018-04-02,296.0,300.0,292.0,300.0,206930584.0
2018-04-03,295.0,298.0,294.8,296.4,413559980.0
2018-04-04,296.0,299.8,285.0,285.0,297675910.0
2018-04-05,285.0,289.0,280.0,280.0,141051486.0
2018-04-06,281.0,285.0,276.0,278.0,363101860.0
2018-04-10,278.0,285.0,275.2,284.0,334949782.0
2018-04-11,284.0,289.6,284.0,289.6,345747862.0
2018-04-12,289.8,300.0,289.4,300.0,79073328.0
2018-04-13,298.0,298.0,290.0,292.2,293538874.0
2018-04-16,295.0,295.0,287.8,291.6,139018598.0
2018-04-17,291.6,291.6,287.4,288.6,306310554.0
2018-04-18,288.6,297.0,288.0,294.2,145878288.0
2018-04-19,289.0,293.4,282.0,285.0,471219438.0
2018-04-20,288.0,293.0,288.0,291.0,192757596.0
2018-04-23,291.0,294.0,290.0,294.0,88378876.0
2018-04-24,292.0,293.6,285.0,285.0,256681036.0
2018-04-25,285.4,290.0,280.2,281.6,340294200.0
2018-04-26,280.0,282.0,279.0,280.0,374119926.0
2018-04-27,282.2,289.0,282.0,282.0,78638258.0
2018-04-30,283.0,287.6,283.0,285.0,205885322.0
2018-05-02,286.0,287.6,283.0,283.0,124750010.0
2018-05-03,285.0,285.0,275.0,275.0,255290344.0
2018-05-04,276.0,280.0,273.0,275.4,238442048.0
2018-05-07,276.0,279.0,270.8,279.0,216453920.0
2018-05-08,279.0,280.0,276.4,278.0,407627730.0
2018-05-09,279.0,285.0,279.0,283.0,182963846.0
2018-05-10,285.8,286.2,278.4,279.8,269105362.0
2018-05-11,280.8,286.0,280.6,285.0,104465500.0
2018-05-15,283.0,283.6,279.4,283.0,292545014.0
2018-05-16,283.0,286.6,280.2,286.6,140611456.0
2018-05-17,286.0,286.0,284.0,285.0,123168468.0
2018-05-18,285.2,285.2,281.0,285.0,67073048.0
2018-05-21,284.0,286.6,280.0,280.0,100732294.0
2018-05-22,285.0,286.0,283.0,284.0,162154034.0
2018-05-23,285.0,287.4,280.0,287.0,163396386.0
2018-05-24,287.0,287.0,281.4,285.0,106779946.0
2018-05-25,285.0,285.0,279.8,281.2,136750040.0
2018-05-28,281.2,281.2,280.0,280.4,94926180.0
2018-05-29,280.2,283.2,279.0,283.0,89068456.0
2018-05-30,280.0,283.6,278.6,280.0,309562038.0
2018-05-31,280.0,281.2,274.0,274.0,781208262.0
2018-06-01,280.0,284.2,276.8,283.8,211403096.0
2018-06-04,284.0,284.2,279.2,280.4,519499114.0
2018-06-05,280.4,281.8,279.4,280.2,195174610.0
2018-06-06,281.0,281.8,279.8,280.8,186140116.0
2018-06-07,280.8,284.2,280.8,282.6,123181326.0
2018-06-08,283.0,284.0,280.4,284.0,66489594.0
2018-06-11,284.0,286.0,282.8,285.0,138959844.0
2018-06-13,281.0,282.6,278.8,279.0,300581890.0
2018-06-14,278.4,280.2,276.6,279.2,388622722.0
2018-06-18,279.2,279.2,276.2,277.2,168982136.0
2018-06-19,276.2,284.0,276.0,284.0,211633460.0
2018-06-20,278.4,282.0,278.4,279.0,203029316.0
2018-06-21,279.0,279.0,269.0,270.0,507693728.0
2018-06-22,270.0,270.0,263.0,267.0,399342998.0
2018-06-25,275.0,277.0,267.0,268.4,205205728.0
2018-06-26,269.0,272.6,267.8,270.6,100144936.0
2018-06-27,270.8,273.0,269.0,271.0,143539410.0
2018-06-28,270.0,270.0,259.0,259.6,459395622.0
2018-06-29,259.8,265.0,259.6,263.0,99420966.0
2018-07-02,263.0,263.2,259.0,260.0,251287770.0
2018-07-03,260.0,262.4,259.6,260.0,240920150.0
2018-07-04,260.0,260.0,251.0,259.8,312920260.0
2018-07-05,259.8,259.8,252.8,254.0,161440332.0
2018-07-06,254.0,254.2,250.6,251.0,146715120.0
2018-07-09,251.8,253.0,245.0,245.0,182017796.0
2018-07-10,245.2,249.0,245.0,246.0,131691792.0
2018-07-11,246.0,249.0,245.8,247.2,187848996.0
2018-07-12,249.0,251.4,247.6,249.8,447212688.0
2018-07-13,252.0,253.6,249.8,251.8,153663680.0
2018-07-16,252.0,253.4,246.6,248.8,67915784.0
2018-07-17,249.0,252.6,248.4,252.6,60290302.0
2018-07-18,252.6,254.2,251.0,254.2,36088200.0
2018-07-19,254.2,254.4,251.0,253.0,41477148.0
2018-07-20,250.6,251.4,250.0,250.0,146528602.0
2018-07-23,250.0,251.0,250.0,250.0,64354384.0
2018-07-24,250.4,254.0,250.0,251.0,56458500.0
2018-07-25,251.0,254.0,251.0,251.2,52267952.0
2018-07-26,253.0,257.8,252.0,256.2,183033852.0
2018-07-27,257.0,266.0,256.2,266.0,168362980.0
2018-07-30,265.0,266.0,261.6,266.0,74706782.0
2018-07-31,265.8,270.0,261.8,270.0,265621822.0
2018-08-01,270.0,279.4,267.6,279.4,217399654.0
2018-08-02,279.0,279.0,273.4,276.0,140982126.0
2018-08-03,275.0,277.4,273.8,277.0,122275610.0
2018-08-06,277.0,280.0,276.2,280.0,99138580.0
2018-08-07,279.8,279.8,270.0,270.0,174236974.0
2018-08-08,271.0,276.8,270.2,276.8,86668644.0
2018-08-09,274.0,274.2,269.0,269.0,121042650.0
2018-08-10,269.0,274.0,266.0,267.0,131822456.0
2018-08-13,266.0,270.0,262.8,270.0,64696424.0
2018-08-14,270.2,273.4,265.0,273.4,107028324.0
2018-08-15,273.4,275.0,270.0,274.0,91082190.0
2018-08-16,270.4,270.8,266.8,266.8,170858808.0
2018-08-17,266.6,271.8,266.6,271.2,266396484.0
2018-08-20,271.6,274.8,271.2,273.0,110204642.0
2018-08-22,275.0,286.0,273.6,286.0,486459290.0
2018-08-23,287.0,293.0,286.8,293.0,584256746.0
2018-08-24,293.0,293.0,284.2,288.0,167498724.0
2018-08-28,287.2,294.0,287.0,290.2,242684612.0
2018-08-29,288.8,291.0,286.0,287.4,197926866.0
2018-08-30,285.8,286.0,278.6,286.0,154098064.0
2018-08-31,287.8,288.0,279.4,288.0,292015084.0
2018-09-03,288.0,288.0,282.0,282.0,98555520.0
2018-09-04,282.0,288.0,282.0,286.6,165059598.0
2018-09-05,286.6,287.0,279.0,285.0,135365084.0
2018-09-06,282.2,282.2,275.4,276.0,207474490.0
2018-09-07,277.0,281.0,275.4,281.0,152068558.0
2018-09-10,280.8,281.0,277.6,278.4,223707636.0
2018-09-11,278.4,279.0,275.2,276.0,99197660.0
2018-09-12,276.0,279.6,269.0,269.0,155450270.0
2018-09-13,270.0,277.0,270.0,277.0,150479674.0
2018-09-14,273.0,274.0,267.4,269.0,151355826.0
2018-09-17,269.0,275.0,269.0,275.0,45614736.0
2018-09-18,274.8,274.8,265.2,272.0,185698000.0
2018-09-19,272.0,272.0,258.0,264.0,142660632.0
2018-09-20,271.0,273.2,264.2,271.0,97701682.0
2018-09-21,273.8,275.4,269.8,272.0,189165662.0
2018-09-24,272.4,273.0,270.0,271.0,56404456.0
2018-09-25,271.8,272.0,268.0,268.8,61847902.0
2018-09-26,268.8,268.8,265.4,266.2,35366650.0
2018-09-27,266.0,266.4,259.0,259.0,209555208.0
2018-09-28,262.0,265.0,257.0,257.0,156812492.0
2018-10-01,257.2,261.0,252.0,252.0,100350836.0
2018-10-02,252.2,255.0,248.8,250.0,228700450.0
2018-10-03,251.0,252.4,250.8,252.0,99140658.0
2018-10-04,253.0,255.4,251.0,252.0,90694530.0
2018-10-05,251.0,251.4,246.6,247.0,222232564.0
2018-10-08,247.0,248.0,243.0,243.0,227524624.0
2018-10-09,243.2,256.0,243.2,252.4,107180008.0
2018-10-10,253.8,254.0,245.0,254.0,345842406.0
2018-10-11,246.2,254.0,246.0,254.0,123100380.0
2018-10-12,253.0,263.0,249.0,262.0,113808286.0
2018-10-15,262.0,264.0,250.0,250.0,123042096.0
2018-10-16,252.0,254.8,248.0,254.2,218098116.0
2018-10-17,254.2,262.0,254.2,258.6,98063778.0
2018-10-18,258.6,260.0,256.0,260.0,84946504.0
2018-10-19,261.0,265.0,258.0,265.0,86535340.0
2018-10-22,265.0,272.0,263.4,272.0,186857130.0
2018-10-23,271.8,271.8,265.4,268.0,184810508.0
2018-10-24,268.0,268.0,263.0,264.2,122629132.0
2018-10-25,261.6,262.0,255.0,262.0,121399176.0
2018-10-26,262.0,270.0,260.0,270.0,186689192.0
2018-10-29,268.0,271.0,263.8,270.0,98066140.0
2018-10-30,267.0,267.0,259.8,264.0,216832012.0
2018-10-31,267.8,277.0,265.4,276.0,400244638.0
2018-11-05,275.0,284.6,269.2,280.0,472185856.0
2018-11-06,280.0,282.0,276.8,278.6,180519952.0
2018-11-07,278.6,280.0,270.8,280.0,157640510.0
2018-11-08,278.8,280.0,271.2,280.0,225951558.0
2018-11-09,279.0,279.0,273.0,278.0,91977590.0
2018-11-12,276.0,279.4,274.0,274.0,93114754.0
2018-11-13,273.2,274.4,265.2,272.8,243707040.0
2018-11-14,274.0,279.0,268.0,279.0,186255532.0
2018-11-15,278.8,282.0,276.6,280.0,103925662.0
2018-11-16,284.8,284.8,280.0,282.0,145383724.0
2018-11-19,280.0,284.0,278.4,282.0,158730652.0
2018-11-20,282.0,282.0,278.4,279.0,108840204.0
2018-11-21,279.0,282.0,277.4,282.0,122325906.0
2018-11-22,279.8,285.0,278.0,285.0,166252914.0
2018-11-23,283.2,284.4,283.0,283.0,105653968.0
2018-11-26,282.8,284.2,280.0,280.0,89152006.0
2018-11-27,280.6,283.0,279.8,283.0,200634732.0
2018-11-28,282.0,283.0,279.8,280.0,183669504.0
2018-11-29,280.0,284.0,278.4,278.4,590784184.0
2018-12-03,278.6,286.8,278.6,286.8,294411962.0
2018-12-04,286.8,298.8,286.0,289.6,448105466.0
2018-12-05,289.0,297.0,288.8,294.0,215614144.0
2018-12-06,294.4,296.6,293.0,296.0,148851062.0
2018-12-07,295.6,296.0,294.0,295.0,169505856.0
2018-12-10,294.0,294.0,289.0,291.0,77038300.0
2018-12-11,290.0,297.0,288.2,297.0,176993358.0
2018-12-12,296.0,296.6,292.0,294.0,499699802.0
2018-12-13,294.0,295.2,293.4,294.6,142896044.0
2018-12-14,295.0,298.6,295.0,298.0,409748330.0
2018-12-17,298.0,305.0,297.0,300.0,378665862.0
2018-12-18,301.0,303.0,298.6,301.2,305474328.0
2018-12-19,300.0,305.0,298.2,305.0,543149918.0
2018-12-20,305.6,309.8,303.0,303.0,201359144.0
2018-12-21,303.0,303.0,298.6,302.4,215698614.0
2018-12-26,298.0,300.0,285.0,292.0,316868200.0
2018-12-27,292.0,297.6,288.0,295.0,172233560.0
2018-12-28,295.0,299.8,291.8,291.8,125709488.0
